x1,x2,x3,x4,x5,x6,y
-0.3249520696479134,-0.5117038345858448,0.8420479145556797,-0.031135039061125247,0.4787285353906361,1.0,0.11188537308748081
0.8228205484260791,-0.010810497895928584,0.4360785302810701,-1.0,-1.0,-0.13375899727667329,4.3495522687900765
0.24869685626974644,-1.0,-0.35670494792017593,0.361125999754648,0.13990886895236532,0.9335585957369901,1.3438670855189272
0.5578769269034951,1.0,0.6015831192001375,1.0,0.745306581257615,0.47158868465176856,-4.592320220489514
-0.24661006872970193,-1.0,-0.43146728026287673,-0.8469853863768029,1.0,0.28473508700397027,-0.4417564409075164
0.20536763780173017,0.954542145803384,0.44655493652933886,1.0,-0.34188466788859234,-0.7702845332735506,2.592871942236493
-0.11327731040311638,1.0,-1.0,-0.9699031873219308,-0.8962270175038927,-0.5401193425671269,2.307868552035926
-0.3681184936963007,1.0,-1.0,-0.7544178593353915,0.4895697995648246,-0.5312492657693832,1.4852810475121454
-1.0,-1.0,-0.45746346264371074,0.09835344545579416,-0.4165020964372357,0.09291449891615239,-2.30908216809661
-0.7029158234213535,-0.4721656018662942,-0.01941620898581753,0.7303479987121997,-0.0593910617905587,-0.1791731231588412,0.6423562248342849
0.2318858158351067,-0.6382633105232823,-1.0,-0.03062775927815599,0.491699397147794,1.0,4.209285282167448
-0.007065337569334584,-0.0024351378793647793,-1.0,-1.0,0.36658776254023917,0.008434546694046308,-0.5078503206108542
0.21864936082705966,0.8228848956988285,1.0,0.591083347834139,-0.09117657888995523,-1.0,1.1480164749823794
-1.0,-1.0,-0.26571799094087356,-0.622922330199039,-0.1470943109025944,-1.0,4.18109882943528
-0.18194821655672266,0.3720574027917496,0.3335804489923048,-0.20687924518279818,-0.9366230157549452,-1.0,-0.011172104566547325
-0.8258422690032594,-0.7074557997717308,-1.0,-0.09894118597761192,-0.29207944733331515,0.37851107957506536,-2.200882401311068
0.6535191192624086,-1.0,1.0,-0.19358406288243618,-1.0,-0.6755024663745195,9.59289832377839
0.26137812284782314,1.0,-0.5571908642515391,1.0,0.013095106823498792,1.0,4.247510914264771
-1.0,-1.0,-1.0,-0.24626200905050766,1.0,0.8311590804149562,0.06487295206177672
-0.4817226177473045,0.5877291316343369,1.0,-0.5284375083935156,1.0,0.0944316108055846,-0.36276453458395047
1.0,0.27464107802159743,-1.0,-0.9080246018588186,0.6157749210958045,-0.5590414082760904,-3.25042368229159
-1.0,-1.0,-0.23350981428366357,-0.5130994317656701,-0.08433781602049906,-0.8885209567808925,3.8506441817477888
0.7318359273175207,0.37080200101109506,0.028562461427684926,0.7725323121583257,1.0,0.05588635908825901,-1.8259775326099215
-0.5032169651406002,-1.0,-1.0,-0.8978941241712961,-1.0,-1.0,4.461155171030891
-1.0,-0.9860755347479913,-1.0,-0.33124856091591204,-1.0,0.058608560788355635,-6.011085531865446
-0.007068010262729185,-0.502212800263596,-0.6363904762860724,0.8303571100343163,0.8522116446029994,1.0,6.38226772040992
0.27959031780812316,0.33523970298386735,0.12657967469392006,-0.7036356110814139,1.0,0.4316710181280692,0.6446835203996386
0.815639266624064,-0.5349254798801911,0.699134932789783,-0.00764326017637923,-0.3220784897949981,-1.0,6.847303194392318
-0.029194041498199985,0.06856393140235639,-1.0,-0.3208667200979639,0.23997164640510715,-0.1851472683740158,-1.0018713939948445
-1.0,-1.0,-0.040997471241808636,-0.6972573128501127,-0.5211462320256688,0.22904162557963847,-1.9570723286140173
0.6120070074148651,0.16465791241023958,1.0,0.8028996544783815,0.6785948739130276,0.7411876562663021,-4.164619053260855
0.5126929991195799,1.0,-0.36364076626244146,0.9382413214353049,-0.6876222468104397,-1.0,7.64367750628272
0.43048845512095396,-0.5479875311846999,0.19887342244628448,-0.8817958153854187,-0.4366165526420309,-0.7122030288431402,4.3677913312649554
1.0,0.19304503318631383,0.0592695524187985,1.0,1.0,-0.02224709773017919,-1.8859345217251304
0.5361384006771445,1.0,-0.5659702034603677,0.6247146709958138,-0.28217146839915497,0.46374162398038865,2.039988721310651
0.5359709848610472,0.44147259053496835,0.9196296092118146,1.0,1.0,-0.7029446768925287,-2.5037943908825455
-0.36510038111492177,1.0,1.0,0.37258685287484306,-0.23833654949101007,0.7338791972555475,-3.798592903152349
0.3863288055964085,-0.09461909831413803,0.24879365510187257,-0.5375887452408279,-1.0,-0.8394712218222138,3.3730953484126114
-0.4631386590928134,-1.0,-0.0016789000331374204,-0.46885908637866447,-0.2735786915402692,1.0,-0.10703695476839417
-0.8814312917429539,-1.0,-1.0,0.41146557822631646,-0.17610798461972377,-0.2865399106990292,-4.186439577152111
0.7891801322934135,-0.10819870818354112,-0.5776304792156506,1.0,0.6616292563213426,-1.0,-0.6384076645254605
0.25166178231451863,0.26548547645916676,1.0,1.0,-0.49184186488092985,0.1831449855583145,-0.9413196920100797
1.0,0.3489277496609666,0.1134282479263824,1.0,-0.14303557013598478,-0.31871655143987854,1.7971698273557495
-0.7460817971600289,0.16213686239103942,0.3051174368597245,-0.03207903821075153,0.6528462366750143,-0.24990118203149647,1.0786735649580006
0.8680355908752599,1.0,0.46145346255752595,1.0,-0.46361922215754137,0.548730840358824,1.815876721170975
-0.5606083211978997,0.6484582319808109,1.0,0.43898701166770326,-1.0,-1.0,-0.5391680173207191
-1.0,-0.048727497035613965,-1.0,-1.0,-0.7891338665986789,-0.3582880028486157,-1.765060690501615
-0.33909347176261495,-0.7305000051591586,-1.0,-0.1789165691219381,-0.7531299982072612,0.38515852675293105,-1.021090799813342
0.05948849491521613,0.9858231645798681,1.0,1.0,-1.0,-1.0,1.5356892141486935
-1.0,-1.0,-1.0,-0.6318615717291136,-1.0,1.0,1.9932396704392799
0.9183848783837071,-0.16739971950146204,0.6592804047257929,0.08707113917359666,-0.8489823369252434,-0.8113471292299756,6.253402301603189
-0.6039249827975911,0.3278449035541011,-1.0,-0.7170731950741158,-1.0,-1.0,-0.17856841669130086
0.11375594861790717,-1.0,0.03224201911936837,0.0484432537632169,0.9559646445132652,0.09445007191692656,-0.16536781818910576
-0.21740076673452613,0.6269166469054165,1.0,-0.5354088472519335,0.2893524247291881,1.0,0.24910636322716329
0.22242856659671317,0.6835617524421689,1.0,0.31963607287948936,0.792135117877707,1.0,-2.481650289976411
-0.9304701604657398,-0.5593359473567325,0.24061829631507325,-1.0,1.0,-0.8458684055054527,8.126394681433565
0.41851871985326106,0.5543290444531159,1.0,0.6924020432235846,1.0,1.0,-3.050032826107138
-1.0,-0.6161846592403285,-1.0,-1.0,0.5934505428770329,-0.5707746311692086,-1.0638605209180279
0.6378723722867993,0.46914543402630915,-0.20835493328977692,0.6241751278111285,0.6147311762024357,0.13007768948943643,-0.7301814667970242
-0.2643564593937975,0.1900947742832624,0.3230830038878626,0.38719502669809047,1.0,1.0,4.305287693575347
-0.8979483195322856,-0.22758716418457597,-0.918443163811111,-0.9750738690332057,-0.7131945003533733,0.5310136957856525,-0.5722942497784375
0.7462231852365055,0.2194802728461256,1.0,1.0,0.3919610561938238,-0.26835181432037225,-2.4080104018130495
0.31029002792181726,0.02577812386064937,0.33908107297008294,0.6303111270160973,-0.28340933766773135,-0.5405851031995825,0.9119583510351235
-1.0,-0.19312876132075868,-0.6414260071946231,-1.0,-1.0,-1.0,1.4444227429923508
-0.6789815799032421,-1.0,0.002444740703091197,-0.9735981590009077,-0.4339209255801153,0.6138596260024175,-1.0382264954637108
0.646917616793997,0.49071490234572157,0.06024157754005405,0.5510621513091837,-0.09316734905178037,-1.0,4.724035809850492
-0.3523926594046194,0.13047170988411216,0.39227263192300277,0.011946439778931894,0.25469975004555656,0.7793020358247963,0.5974558736947683
0.1236442580200896,1.0,0.29958808988513996,1.0,-0.33253235109503243,-0.3183733569180028,0.9542150136518801
0.5888561852059864,0.582106837206931,-1.0,0.15147568247602505,1.0,-0.4847354481131832,-2.714210056470042
-0.5077813598223804,-1.0,-1.0,-0.33331084369156994,-1.0,-0.27009421442922876,-3.7545014117457187
0.17714681234208357,-0.5402161343300641,1.0,-0.25137994037634315,0.8481280137725093,0.0780088963687805,-0.8499235140422294
-0.4443998844438074,0.5017838155573333,0.5012959588521526,-1.0,0.7934820215158587,0.6961302571090202,2.3266365669222395
-0.1528876785241826,-0.06623999149854076,-1.0,0.5859598580700773,0.020750533438788077,1.0,7.3444148046083075
0.005951513567461042,0.3426029788166546,1.0,0.5700685347213209,1.0,1.0,-0.18960575868325658
-0.36881062129584435,0.35188079586006316,1.0,1.0,-0.23382654011681045,0.11026253675755815,-1.22874534233932
-0.566368577790551,-0.2815967383506739,-1.0,-0.8388047828061646,-0.027001481473023003,0.22618876003062832,-1.2445091966257302
0.715807135456639,-0.10044650036466662,0.15120774572146733,1.0,0.5184596875323629,-0.8880174676370155,1.9456145425566553
0.6850669313146207,0.14354093871484383,0.4883894034890558,-0.37800983019003004,-0.04566204471339014,0.2014005384529446,-0.40445251424657636
-0.310628850670128,-1.0,0.08181071979057036,0.6472972017880677,1.0,1.0,4.269837045836311
-1.0,-1.0,-1.0,-0.11622670049637285,0.5041921734177577,0.9995126593941948,3.7432688846710658
0.6251954912945223,-0.3974217316266923,-0.46459253902934966,0.5585307558777921,-1.0,-0.323549249584693,1.8084941825188567
-0.6980970155982189,-0.3810999918950815,-1.0,-0.810761274003115,1.0,1.0,6.337280886693337
1.0,0.9688720412909326,-0.32551439744356075,1.0,0.8496483295202746,0.42533728628617684,-1.1382368609914413
1.0,0.8704394701535925,0.4985908770142913,0.6759206887845353,-1.0,-1.0,8.25299843181542
-0.7195660337366413,-1.0,-0.8621780160205498,-0.16862983782043048,0.6390963659462883,0.6195718255350335,-0.7257485313666846
0.1865467355583571,-1.0,-1.0,0.46799691278144184,1.0,1.0,3.1346012861070656
0.4941617924107857,0.08156018983342506,0.1895975311392939,0.04809509523788025,1.0,1.0,1.5478270462240586
-0.38684125369257516,-1.0,-1.0,-1.0,0.7234494501157184,0.6680305242984521,-4.172855749907002
-1.0,-1.0,-1.0,-0.22170581484378937,0.1318208935766777,-1.0,3.2582670623771324
0.8332763483439245,0.1681990092688479,0.19331441352979084,0.6943717655455366,1.0,1.0,1.3688553844694131
-1.0,-0.12408465502147203,-1.0,0.7213974574196536,0.8451676137962472,0.24098668829085323,-0.2912352219612453
-1.0,-0.13251327909391986,-1.0,-0.9009772070216233,0.6194081450383251,0.5552656102439824,1.856210487507345
0.4647532558301215,0.36208124873344794,0.014786688396649872,0.9827203376280895,-0.08819875332313742,-0.9217844888494495,3.4309323612833182
-0.8930377997738164,0.1137193713442175,-0.4691373390319449,-0.06910808464295254,1.0,0.9899140215873903,6.544891986363417
-0.30951298544015005,0.34244800593088354,-0.41487444056558465,-0.299379246791696,-0.05778200889608276,-0.3572640817102731,0.06606070114695903
-0.7984936990069706,-1.0,-0.8548877973869587,-1.0,-0.9075245348963306,-1.0,4.631400877472756
-1.0,-1.0,0.8855545452505258,-1.0,-1.0,0.7614373488857125,-2.279021762256719
0.01827628464661242,0.06732950022602219,1.0,0.1190195598434999,0.6835830560384384,0.7392293402977306,-1.4474144503196762
-0.05227910746831643,-0.01800151575839437,-0.9421907310673565,-1.0,1.0,-0.042654238578900466,1.1904400152272667
-0.4578896819787135,0.8906193200754682,0.45090396131752764,0.4720131950478785,1.0,0.5412479362185958,0.41478335478790895
-0.21429967669037586,-0.4961002204869529,-1.0,-0.84574371094926,-0.671540512047401,0.05892854234640884,-0.9974300653249009
-1.0,-0.8438585714623477,-0.1484643869927088,-0.6062555759876449,-0.49150261146613694,-0.11202816513117919,-1.4814029364074404
-0.7362381653605987,-0.6026674764595403,-0.013263172806690648,-1.0,-1.0,-0.126117844262932,1.6344240191348176
0.6461448024210549,0.19329489798963362,1.0,-0.04755167140401645,1.0,0.6638906769983757,-4.475317640183103
0.9761546056923138,-1.0,0.9453480127923023,-0.8319418893569004,0.4802171656725489,-0.8648723171138523,6.316548085839759
1.0,0.9716627446809489,0.6266261652545606,1.0,-0.033852873169894854,0.6661017634557089,-0.4184437593961553
-0.9186858257729307,-0.5659883382508375,0.04333012389034785,-0.9568683368859285,-1.0,-1.0,2.0629254256263314
1.0,-0.25479696567330246,-0.6335514969802765,0.3345029233881627,0.621935420747261,1.0,0.17850520694488992
0.6228955302789101,1.0,0.4182247340510352,-0.17937480701572267,-0.30681944968085806,0.4730988397485498,0.3901121480465204
0.7809899628260973,1.0,0.02944011781148259,0.9178146190206377,0.08313720526067395,-0.6527421230917623,2.477207441143414
0.7409312088517436,0.5699756023451854,0.3513273313281152,0.931617874032035,-0.7178803723391652,-1.0,6.565980676435612
0.5160829951159527,0.6126644827151597,1.0,1.0,0.2871650056873897,0.5945847738588464,-3.527518958536683
-0.9803168391178109,-0.3984741523481661,0.23475961631271353,0.17265167249123964,-1.0,-0.6521585811653918,-1.0550213893491278
-1.0,0.545234070526005,-0.7911027642156839,0.05620300186005994,-0.0807878408570506,0.4799347785451803,0.9876224418457087
-1.0,-1.0,-1.0,-1.0,-0.06487482620499652,-1.0,3.0984696236058262
-0.07575400669543242,0.7378307549962932,-0.39950271686435695,0.2929954301435048,-0.9093467840435647,0.896996620931239,4.027716632491193
1.0,-0.311757529433098,0.2692839680534592,1.0,-0.17577960003917759,-0.7080309943884573,4.661729226985917
0.09668689563018829,-0.8051249305412549,1.0,0.6665526125586549,-0.1690650366014126,1.0,-1.1169299156132166
0.04022174224390124,-0.25415522426577164,0.42711051228613756,0.312599348434167,-0.07885521004806695,-1.0,2.8635917570906555
1.0,1.0,0.5252008900655585,0.13305669861733227,-1.0,-0.26170098092830574,1.887322399993237
0.21907188276558165,0.6008949566551312,0.3746208560367138,-0.7676580704967058,0.027073366917993835,-0.07187387444616988,-1.0579082894945346
0.11722943304266359,-0.5026502920824418,0.432268479451525,-0.9887663169358913,-0.31314741484948083,-0.6546514522922923,2.524521432651093
-1.0,-0.10882348354996596,-1.0,-1.0,0.19506072905099026,0.4111009585597269,-1.252887048514051
0.7176607069451097,-1.0,-0.5103244601691889,-0.4423334369990961,-1.0,-0.2000063613966041,3.2450292010495216
-0.5005388581200545,0.4230346285928085,-0.43847274465703046,-0.036017877406113286,-0.3659021244140771,-0.2673836540248146,-1.080167650597052
-0.7684584471613862,-0.38993438132914393,-0.8401835483318643,-0.5090245208331239,-1.0,0.08586815096409903,-1.4136108994681593
-1.0,-0.6404080870040367,-1.0,-0.19637044311448792,0.9774799658539555,0.012465431314226505,-2.9226591839550733
-0.05517830027319537,-0.7665862603558975,-0.5912438100541717,-1.0,0.8283796831299911,0.41735190670685895,-1.7840679645004018
-0.32409581026769135,1.0,-0.12232074358805656,1.0,-0.9708881006290158,-0.2687036773571316,1.085755787198317
1.0,1.0,-0.6422219352828673,0.3789947943971204,-0.5417668314432332,-0.27366038256730085,4.240599870459528
0.26404267181531405,1.0,0.9814610741594185,0.6968867297864119,-0.38255837441792295,-0.2861547626288506,-2.2535697242779356
-0.9089472490128998,-1.0,1.0,-1.0,-1.0,-1.0,7.151635279873886
-1.0,-0.08480474465889953,-0.6615586250332769,-0.22652314208261576,0.20273393194839395,0.40193801845601984,0.649233797233915
0.5913994427776187,-1.0,1.0,0.46931288976103963,-1.0,-1.0,8.786323171895585
1.0,0.1515936749951179,-0.20689131617380607,-1.0,-0.34894996167593606,-1.0,5.519807173452904
-0.6147757765810616,-0.41111798553610174,0.34239062609543885,-0.4930312789139751,-1.0,-0.5009370825001083,0.7894308582296515
-0.7641948602615432,-1.0,-0.6665869873287432,-0.068706209413446,1.0,0.2300519339808167,-1.2300402326625972
-1.0,-0.5882111881028786,0.08740383934754337,-1.0,1.0,0.864360018997173,3.361876106725931
1.0,1.0,-0.01774013900972741,0.1249296889491166,-0.05937235004466984,-0.8137741869637923,2.1125827992124098
1.0,0.2828239522962373,0.04584669715585421,1.0,0.5653981253501663,-0.20056925929464547,-0.9882164530115434
-1.0,-0.6629493099831344,-0.9559867756798424,0.7050546508531481,1.0,1.0,8.822172224700612
-0.4708053429160989,0.865093970379974,0.480697482112422,0.2807352417618806,-0.7371605846403457,-1.0,-0.2098204273058486
-0.5278228553878502,0.22052068864803487,-0.4158595525206012,1.0,0.3841432054081081,-0.15635336235964423,0.12459668397515111
-0.5920573211319575,-1.0,-0.8017419414012603,-1.0,0.0003511873054953263,-0.468645701393398,-1.954575951372847
0.45444869360487117,1.0,0.8988720147644687,0.9570825549038808,0.07060662196346501,-0.719861775668756,-0.9566867601132657
-1.0,-0.9636288301067184,-0.36453131827847274,-0.15463971732397908,-1.0,-1.0,0.5368078727187507
0.5805644299195034,1.0,1.0,0.4498309359396171,0.01151521412446882,0.1847053212147387,-2.967948423244743
0.6317530154676411,0.45896367775546054,-0.36754196220752955,-1.0,0.3866153048140636,-0.011278606401898456,-0.7298467209305788
0.10076793703609627,-0.8782937091580567,-0.7409233515853964,0.6056109275025988,1.0,0.06848072353282286,-1.5515514096394192
-0.9735647417935152,-0.4195855728895892,-0.19918158839382855,-0.07796670571795106,-1.0,-1.0,-0.27345254973204003
0.10045472509497588,1.0,1.0,1.0,0.2634369082053115,1.0,-5.986789873246804
0.24092024964669778,1.0,1.0,1.0,-0.03977289657923394,-0.5270503323039395,-1.9617846938049648
-0.01724613858501145,0.9628644716051127,1.0,1.0,-1.0,-0.3503775530253379,-0.6740176287839019
-0.821171153803564,0.18614988769373442,-0.3775633791215074,-0.4771455570835149,-0.27928129744205243,-0.25079702136330906,-0.06385093605629077
-0.8305948557025572,-1.0,0.3897146405407512,-0.6000125178017671,1.0,0.18375850433424185,1.9458959506663709
-1.0,-1.0,-1.0,0.6053690402469643,-0.4770376655526576,-1.0,-0.5051865402351274
-0.7297183095420279,-1.0,-1.0,-1.0,0.15375067366937067,-0.6264634949933112,-3.2663192040903093
1.0,0.5872669661455463,1.0,1.0,-0.6949476188117003,0.5292388278460977,1.4194567613604514
0.6117394110473193,-0.30732446958114423,-1.0,-0.5644370904002282,-0.09668296424967854,-0.9760714024993277,1.6107755530057193
0.9417779881149817,1.0,1.0,-0.40556494826133616,0.6413409357662295,1.0,-4.465055306452171
-1.0,0.8669685846964911,0.19164853503517165,-0.7917088410125915,1.0,1.0,7.419573412641193
1.0,0.9251645872012932,1.0,0.27460977547781673,-0.3827086781206762,0.03300643433137862,-0.6189224918935905
-0.9543705873319009,-1.0,-0.2971386812243637,0.3144954991513452,-0.3100616711900387,-0.4283704109171824,-1.4638339465764085
-1.0,-0.6180570648301327,-0.5267441067958238,-1.0,1.0,0.2563025289382115,1.6913847397814892
-0.5896948222237564,0.6438938112728899,1.0,-0.625731762742891,0.3107884088424026,0.12379443031453996,-1.1170965487854518
-0.5796539339241925,-1.0,-1.0,-0.9591254559978821,0.4056317419666138,-1.0,2.373625555176582
-1.0,-0.9983988084082189,-0.8443782650194286,-0.16180199614008034,0.4322330941896326,0.5207302938668384,-2.0594655476791974
0.5360232641997593,1.0,0.10775817086062034,0.3703543663927804,-1.0,-0.6860521707909575,2.212816069300228
-1.0,-0.954884515556141,-0.27835799486169566,-0.5973450687994506,0.08474204612431274,0.07227987331809271,-1.3654081354422003
-0.3219775930068337,-0.6445364996181564,0.8123936656013228,0.09426511122916642,1.0,1.0,1.8536696435618283
-1.0,-0.9639146611488798,-0.08603532160736527,-1.0,0.4210719444924729,0.6620214464669822,-2.6241024159298085
-0.05882151124079804,-0.40130290292368387,-1.0,-0.3971725080695727,-0.17357442221974995,1.0,7.130121663349495
0.565866876602957,0.5850467783589706,0.5104084593513099,0.06025327056385921,1.0,0.7833195171078425,0.5218635623418169
-1.0,-0.0618765762202822,-1.0,-0.8681894617523915,-0.1569053087016381,0.8665522334920401,3.0177605571370325
-0.4252135493288254,-1.0,-0.4201546265803966,-1.0,0.25326315296899415,-0.9606523929960724,4.3118456768771285
-0.9671036355572893,-1.0,-1.0,0.26233276623183654,1.0,-0.055701597822337856,-5.115506526569649
0.4846703097312597,-0.2764982084771417,0.7799801011453817,1.0,-0.5980915576293637,0.20002182471236662,0.419572210971611
0.2189925779075956,0.4016726008601875,0.549240312161859,0.6774753156315414,0.7142627382516957,-1.0,0.2682024068244233
0.1647803232543048,-0.8611462895565676,-0.2587962207223552,-0.32885695315576746,0.7082381578841573,0.8800384290174948,0.381642073285127
1.0,0.7418510263601557,-0.17513836745509603,0.5951500967557151,0.24232820909853814,-0.6529324551137238,0.8210121612609329
1.0,1.0,1.0,0.4932251570281232,-0.06671581231513046,0.2535209072839846,-2.541873446634761
-0.4793044868127241,0.04011256154735728,0.3153143664176776,1.0,0.6113591944806842,1.0,3.46502557769157
-1.0,-1.0,-0.7698466078337551,-1.0,0.03298291681368848,-0.37172905474460877,-4.446127240662515
0.5873417766714316,-0.7062576643085327,-0.8252987472048771,0.4301691312102839,0.4802147549945127,-0.5998234793090753,-1.779112992763796
1.0,-0.3872527990977825,0.7420202279063068,0.9730499295304216,-0.6316039711802011,-0.9248825065192708,7.240101881652541
0.47175778225900533,1.0,0.8008577441142758,0.8272735754924054,0.5627656775797526,0.7989125314730919,-4.080217742563431
1.0,-0.6587764708652106,-0.76286934806729,-0.9164881011399897,-1.0,-0.04539888912380163,7.518304214643932
-0.48204537843140244,-0.6027303523866385,0.05211904849128832,-0.46024891659715444,1.0,0.43437456091536286,0.5739562435527374
1.0,1.0,0.6147356313707569,1.0,-0.3914461242373437,0.027907475096523943,2.1501792666374886
0.13316295901715547,1.0,0.3465332520666038,1.0,0.23084446660316937,0.004627478206294666,-1.5583555168546228
0.020164568439122954,0.2445766594824602,-0.3925373735077389,-0.2827452820436339,0.1864815581545426,-0.8161167396023953,1.6039214817415082
0.43691861234323914,0.2830077982116468,1.0,0.9371764232584994,-0.2916746580476906,-0.807584707734728,1.883376565087186
-1.0,0.1544511272492411,-0.4346360552122899,1.0,0.8330061446541186,-0.22922922037578242,3.0201097158405203
-0.018320836089045223,1.0,0.5860619821755612,0.5581485372495542,-0.9771215421067377,-0.4966778602908841,-0.14227904828296062
-0.2738730423285217,0.3490158051916117,0.6169431825554967,1.0,0.11057953765323725,-0.1940950616479864,-0.44324793833431264
0.9392558339859216,0.5746341636736838,1.0,-0.16539715737994132,0.03744006516622106,-0.743000583903858,0.2891047644561797
1.0,0.3686348842294118,0.7343307047500134,1.0,-0.34940833236274016,-0.7438176804095333,4.455941128916831
-0.1467652284474802,1.0,0.43261934810353286,0.6464896095624844,-1.0,0.15022762850772442,-0.7050265208087613
0.8261727982929742,1.0,1.0,0.522855485870787,0.25339792946221984,1.0,-5.460615131075846
-1.0,-1.0,-0.2899982372136318,0.7376322400004987,-0.10173870965302834,-1.0,1.8319995518957064
1.0,0.9628874131660909,1.0,1.0,-1.0,-1.0,9.647236842071651
1.0,1.0,0.495113509538473,1.0,-0.5032296616556411,-0.2959477410640102,2.9002514481427606
1.0,1.0,0.13396981302618882,1.0,0.6442507656818282,-1.0,3.0551796648591774
-0.5987125285777019,-0.18127064198544113,-1.0,0.010270445486819275,-1.0,1.0,5.475530598443864
-0.7173149763707884,-1.0,-1.0,-0.4603540192776241,0.2264287082469495,-0.8556125235277768,1.2398572538073935
-0.3921365070515338,0.4338821678256015,0.20197639436399245,0.5929598584494371,-0.34709373930343324,-0.44508573890856695,-0.6312436251040977
0.9308510691297608,0.10854520704670528,-1.0,-0.20652371739320047,1.0,-1.0,-3.343887217006916
-1.0,-0.11655967275788948,-0.8609651076630278,-1.0,0.07139178504776689,1.0,4.734400245626819
1.0,0.7717779879689984,0.26957582824587484,-0.5808935355146307,0.7894390359799686,0.552126563213486,-0.5252831680987928
-0.7645890274919894,-0.007048135203298778,-0.46837764566387297,-0.5522950083420609,0.9338516509085859,0.32354744564672955,3.4393591205463783
1.0,-0.1610659895967843,0.4196164064035871,0.020044185780581092,-0.6887987970760857,0.7344127027522398,2.870066695575861
-1.0,-0.7343169362590817,-0.2783437279707639,0.34621037018931455,0.7536237371037083,0.22068725656096003,1.2141086745990994
1.0,0.7387229526520962,1.0,1.0,1.0,-0.18971806098551247,-6.222796029449216
0.316130341609536,1.0,1.0,1.0,0.34203147111218046,-1.0,-2.1074148914751207
0.16254762056704442,-1.0,-0.643311845267925,-1.0,-1.0,-1.0,6.228228550419345
-0.8223218556955212,0.10262585158211501,-1.0,-1.0,-1.0,0.8993566757014207,5.4637530025995655
0.14389232071452746,0.9280752636728535,0.22650953826114642,-1.0,-0.3952323760369532,-0.4603506231065819,-0.3116237262289343
0.4684372097530024,0.1699388285080522,-0.6377672324084734,-1.0,-1.0,-0.47033675533791675,3.7375020237608094
0.8423411612535863,0.1481156119276884,0.3953027714527294,1.0,-1.0,0.1218571677495495,1.9754836701840808
-0.6687177169206197,-1.0,-0.36535864446866073,-0.11456262714902665,0.2701434019561151,-0.15193717185405559,-0.4987082350613362
0.17973714649344652,0.4703461711860991,0.13847053489013156,1.0,0.38884117863650636,0.4697837708692838,0.3723315039623878
-0.39126792879958006,1.0,1.0,0.0014305427183060049,-0.9167213050312508,-0.502891860436074,-3.543735656635903
0.7890885842152302,1.0,-0.258577974599107,-0.47850300267694457,-0.050653231677300736,-1.0,3.198694265278127
0.5248209108053817,0.038006196603521,-0.5558781222240773,0.16473035317270512,-1.0,-0.982700076300991,2.5442559554196618
1.0,0.15970351499905688,-0.3320049350188681,0.5109966797830136,-0.8377788193040322,0.9705642593445131,6.808759840459719
0.42536786140914673,0.9843395245531465,0.03208690943380699,0.7745377273433858,1.0,1.0,2.953029047796217
1.0,0.946720784340578,0.05981562653716821,0.1145262248501776,0.49102333622164074,1.0,1.7437802390796644
0.6143228549406758,-0.6657581956200034,-1.0,-0.6063921567126271,0.13216105175233384,1.0,1.754579140217047
-0.5759645910679421,-0.3940766381125743,-1.0,-1.0,0.6287237964171728,-0.4702962661996052,0.03303867765456464
-1.0,-1.0,-1.0,-0.7467659813815731,-0.9598681304526054,-1.0,2.4809822165454216
-0.70966766385745,0.2800793662925963,-0.6200758107592934,0.29341571067101524,-0.2067166019917166,-0.679724619193506,0.35975022328454587
0.3331458923798559,1.0,0.22096832654942378,-0.9713765705186039,0.17667832207686263,-0.31837595641465466,-2.0741207340010934
-0.5369685685712993,-0.16748076918325894,-1.0,-0.009110702768483081,-0.5574546378906691,-1.0,2.5401682164881088
-0.017641678788009485,-0.7081929497787118,0.24260461377032394,-1.0,1.0,0.5794647838427076,0.6648306871994792
-0.051466228459915664,0.7156625171505445,-1.0,-0.7046075151967288,-0.33185535038547215,1.0,9.055896147511351
-0.5847200880459984,-0.17232252203298581,-0.2254760810204195,0.05690224258192847,1.0,-0.21759711992198028,1.7116424348334252
-0.45644948374867456,-0.030325762841011406,-0.07591338769952277,-1.0,0.3964527906965064,-1.0,3.7902515503332914
-0.9639473541679726,0.5569537644154161,0.5740487621131249,-0.3709826525487123,-0.5881162091216219,-0.5621819823148959,-0.6269210787042213
-0.08889712190043442,1.0,1.0,-0.5662240874446147,-1.0,-1.0,-4.084473447629781
-0.40624482122748296,-0.43091396900366585,-0.9227512167965379,-0.031100623742837064,-0.024802994964378433,-0.6299762897418824,0.7867152769335994
0.5759818003020896,1.0,1.0,1.0,-0.4958271005172752,-1.0,3.621805866603873
-1.0,0.4320036386068633,-0.43985692449560476,-0.43655970534105915,-0.6127721928825696,-1.0,0.9883831315732801
-0.37341907147539993,-0.5884367746678634,-0.25123331287551115,0.037194469528419205,-1.0,-0.6183081373777346,-0.5718781735245175
-0.1676623047075858,-1.0,-1.0,-1.0,-0.8826551953639908,-0.314207451362479,0.38145954170465224
-0.1583452247196444,-0.35546184872712505,-0.22750035858733708,-0.44424052519638396,-0.21544367961430516,0.18891920432721132,0.2531525829938049
0.8947530485477857,0.7170725253808687,0.21622195669886457,0.27969853402645894,0.4200052303219005,0.7979368195921411,-0.010951737617863277
0.18493560147582944,0.21107924032632663,1.0,1.0,-0.6672259535533774,1.0,-2.0674980353643595
-0.43345030803281115,-0.8686881001272271,1.0,0.07633426960178574,-0.8597287281747963,-0.5142395700674347,1.7160934371169423
-1.0,0.4457845246814152,-1.0,-0.8229026121609795,0.10342144863066616,1.0,8.836976233202387
-1.0,-1.0,-1.0,-0.9512562650524341,0.6744813314263497,0.6490788326638892,-5.849400735703109
1.0,1.0,1.0,0.5382243303073423,-0.5833235557530413,0.9175311424499316,-0.4074454551840963
-1.0,-1.0,-1.0,-1.0,-0.5517756042623914,-1.0,3.172210177222837
0.7376347994438783,1.0,1.0,1.0,0.07187175961711345,-0.41433624693849214,-2.089125055542135
0.5075617733514471,1.0,-0.4096412908036382,-0.7651387854728089,-0.035390079443543,0.09638766029846646,1.4430863047613263
0.598866759607523,1.0,0.08612739150798832,-0.12465165903874054,-1.0,-0.4623672715785566,2.170827902071502
-0.13130966211716,0.2950185892139955,-0.6344100195342663,-0.4601864323532737,1.0,-1.0,1.4587601502900938
0.38856458063323274,-0.48416605075277586,0.051082482286869034,0.6366143367105215,1.0,1.0,2.3493744409679884
-0.0206069244301601,-0.009590998049470223,-0.24720281055827498,-0.2427832872724106,0.012727477961038569,-0.341903459805317,-0.7020443872861926
1.0,0.8731420970773993,0.4449591539010276,0.34697926189637673,1.0,1.0,-0.5086155152622069
1.0,1.0,0.936095250084887,1.0,0.00986544099966824,-0.4421740071483228,-0.893959812354078
-0.029091145578718215,-0.8568966542823001,-0.6072400318032913,0.3480358963231359,-1.0,-0.6922751620854102,0.26343470501912514
0.13592324669470723,-0.43332478142156167,-1.0,-0.9150308661739821,1.0,0.7281564022936203,0.26012486937231505
-0.10796739149536705,1.0,1.0,0.9351104873747906,-0.2615955308721627,-0.32186561377376827,-2.274541704751024
-1.0,-1.0,-0.07797754860637807,-0.5307084554728496,1.0,1.0,3.4724783889685087
-0.5505274339482309,-1.0,-0.9101788133053873,-0.33888750009469604,-0.11204200864042556,1.0,2.2709246878023275
-1.0,-1.0,-0.6008189227100534,-0.05373889434319956,1.0,0.4924742473907442,0.46089203803816825
-1.0,-1.0,-0.6177411765071452,-1.0,0.2236060063903021,1.0,-3.2094850073560885
-0.04083992580756299,0.10353327065768692,0.324081548754047,-0.9847219248680654,-0.263526500298457,0.4209476481463713,0.5592159591678787
-0.4366649334334419,0.2721234048712873,-0.8898719831054742,0.5522907977261599,0.4196415824256095,0.5055937052994531,1.64980430507281
0.3105589077498371,0.5217425554007511,-0.4723270412027406,0.9326307581616589,0.45905604356784346,0.020621179537719636,-0.662655232775788
-0.24340502359572164,-1.0,-1.0,-0.13071604207600807,-1.0,-0.88186330065836,-0.021016075217110408
1.0,-0.2958942250445771,-0.18658831090051672,0.2102516800918749,0.9032280213627426,1.0,-0.41377745545204636
0.9069399431507345,0.6656677016883152,-1.0,-0.012878378779523025,0.4290892119728818,-0.029044173625253467,-1.1224672556992987
0.592814348237745,0.029149611220805616,0.29246090070182496,-0.6993113119177911,-0.5753864154136099,-0.5197106060781496,2.3682390846230232
0.7153887266674248,0.47328392588623114,-0.2827301585985477,1.0,-1.0,-1.0,6.413512390739191
-0.7273946192263636,-0.010150464369294732,0.8761005990789333,-0.5789169307822415,0.1840620686554314,-0.6365283938219694,1.1988825483325698
0.0912617085693157,0.08424184865229034,-0.08810226926894245,-0.576561273138518,-0.15190164851783836,1.0,3.000115909602596
-0.5415694124275914,-1.0,-1.0,-0.025523699388524168,0.401376369991832,1.0,4.09136626506536
-1.0,0.4567760754607848,-1.0,-0.4952259238430754,0.3650001490493284,1.0,9.76057273866997
-0.2726393523964161,-0.6825554766608223,-0.7714915547271477,0.4524459879508909,-1.0,-0.2716921712067344,-1.1416290296617881
0.2863277552999395,-0.795485514277007,1.0,0.405417085881317,-1.0,-1.0,4.882610971410772
1.0,0.7006327188590489,1.0,1.0,0.2535907429888894,0.871525503672595,-5.632388185691723
1.0,0.2675562839892003,0.3840007960955756,0.7973416155987421,-1.0,-0.03843555464308701,2.7353974027123464
1.0,1.0,0.816774900711223,0.6074142735323795,-0.47322444446572576,-0.2319188236226047,0.9095622032662943
0.6768044413833609,-1.0,0.9679757666236048,-0.7952870673999146,1.0,1.0,-6.775965940839488
-0.1540041454407075,-1.0,0.27922722134298594,-0.7710353184599057,-0.7219304142281471,-0.729146817423033,5.217678776793769
1.0,0.9838205123311106,0.6122035177297751,0.8291296470187035,-0.6253322169170277,-0.8143881465398212,5.9681320176861385
-0.2674709537627885,0.7205015131304177,0.6993668875554166,0.8860066230917277,0.763721927759517,0.6296927555659747,-0.9932779431071911
0.03586306874885703,-0.3080220742802533,-1.0,0.13719798380144427,-0.01369261757337803,-1.0,3.264181393322395
0.08368873491815965,0.7607047273628575,-0.7776077227842637,1.0,-0.22845599019035667,-1.0,3.8509909455975775
0.49012217458151736,0.1541805742888116,0.7044472419175998,-0.2544274015224464,-0.6378530204936034,-1.0,4.079815407280993
-0.6049573281999856,1.0,0.06273642632303104,1.0,-0.5850032967471785,-0.3865610694125351,0.055056249986932815
0.07144199818674868,1.0,0.3227350817147562,1.0,-0.30518550118887344,-0.16150606248417726,-0.5167131496234617
0.154965311004428,0.3342834689340275,0.5066720205255082,-1.0,1.0,1.0,3.0392242832457845
0.9272364495891752,0.41229387103677595,0.9476299467446502,0.1974898689672024,1.0,1.0,-4.179303064524895
-1.0,-1.0,-0.4770455314008788,-0.2926104726277643,-0.15326015973775964,-1.0,2.990040741760796
0.24801749981345078,0.11375325701093342,1.0,0.3851036620674254,0.36681554542912675,-0.9176672444334046,2.4163248729319418
0.5312408204269525,0.1255397531417759,0.5862757636577707,-0.07287670818271824,1.0,-1.0,0.4730577619788532
1.0,1.0,1.0,1.0,-0.3564661267659883,-0.12597145044683525,1.081571501606564
0.7450368541065018,-0.20260931205479094,-0.4813438697274396,-1.0,-1.0,-0.10747005476198823,3.834688417060847
0.09701521451898226,-0.734905319976984,-0.3073385847616297,-0.47408351433888113,-1.0,-0.09331219323598061,1.4126164881161511
0.11844135841850223,-0.31093689179750916,0.8528486386013219,0.22229972717836677,-1.0,-0.30717963321265085,-0.03974106970078173
-1.0,-0.4406064029730854,-0.9849749185911538,-1.0,0.2981799221750931,-0.45484715686548804,-1.6949757527483857
0.9630603256916634,1.0,1.0,1.0,-0.3353728471755237,-0.5884327860560616,1.3277637942634621
1.0,-0.12560563585343892,-0.3953319030489255,0.44068156340141007,-1.0,0.0723211980850122,3.3022384533640463
-0.2880244748520092,0.24043833685618288,0.4439805096456767,0.973751201998887,-0.4240993854377439,-1.0,2.9972168298812685
0.5130208361335171,1.0,0.6839140465102431,1.0,-0.04500978405162159,-0.7187924670538884,0.26618627706878384
0.323884727331756,1.0,1.0,0.816129114184803,-0.596838394943572,1.0,-2.7453986566234545
0.30068370893369084,-0.7452023931328997,0.7441462447880752,0.8453339566881268,1.0,1.0,0.9208475347471796
-0.9786751477879254,-0.09304592413281856,-0.11880502962577766,0.7927735331910939,-0.2694120202443476,1.0,0.7481241835213235
-1.0,-0.5896688273838251,-1.0,0.047130201981455455,-1.0,0.3875502049948627,-3.853760439409176
-1.0,-0.8722591868797006,-0.7319202565172873,-0.8442830640254289,0.6582277009610059,-0.06960485575537878,-2.485377599333241
0.27441759552909945,-0.6950400516276949,-0.07003047593086548,0.24404863776489466,-0.5715521092475931,-0.09032761296407088,0.7820685246626078
0.4102632786383158,1.0,0.15523923783438498,1.0,0.3545158006593123,0.7990975224285868,0.4970775906006813
1.0,-0.14124819202147754,0.3419899543716536,-0.35574763276749566,0.41230280096649513,0.7967426613065304,-0.39979186194193117
0.5069528376510288,0.5332991343483673,1.0,0.24947010787527346,-0.13126057083581877,-0.5071550524143793,0.6386895689094155
-0.43056980324814603,-0.20623558604148184,-0.7146527905457418,-1.0,-0.06290733891470252,0.8243889308728577,2.4329940131373657
0.6575210336596057,1.0,-0.7848633286017023,-0.32686906388884945,-0.03912094100599828,-0.4056401322979102,1.6780101237428138
-0.7691457650200415,-1.0,-1.0,-0.05950663634426334,-1.0,-1.0,-0.43478181583821135
1.0,0.0030461311242038214,0.5714583176812833,1.0,1.0,-0.4826261438426579,-1.8759744447517601
-0.6407889201109561,-0.9771087637499565,-0.6635094560361083,-1.0,-0.3413314153575331,0.6245861680028024,-3.1857001839718277
-0.8762951546977112,-0.07920651241840992,1.0,0.7392289902313036,0.1572046571685084,1.0,-3.393866677629507
-1.0,-1.0,0.32721223997601606,-0.2581528459929122,0.5733548794109423,0.7067919583214608,1.4096193769645697
-1.0,-1.0,-0.5775519181625215,0.015817581344122478,0.4797820236053504,0.8390957628121186,1.1838290968760918
-0.20570951848525243,-0.9282225737681835,-0.6995681142910772,-0.2782191156767817,0.4997160303062783,0.9221981823668324,1.6522455983454083
0.4815412947966584,0.13138223708134655,-1.0,-1.0,-0.4145505175204871,0.05166846501478989,-0.4202711921522314
-1.0,-0.43290003814273303,1.0,0.31152665663589985,-0.1938318645531052,-0.7879447531322413,2.340146594700625
-1.0,-1.0,-1.0,-0.5361655946880457,-0.5316674820453637,-0.8584451907415653,-0.06224848311337816
-1.0,-1.0,-0.9670580059888985,-0.41989249122565675,1.0,1.0,2.049126263973991
-1.0,-1.0,0.2004845224827888,-0.6231438949047603,-0.3003276417365349,0.12286789195416759,-1.3870810548724548
-0.15977314876782545,0.22609536804544766,0.06874227080431616,-1.0,-0.3145074071519779,-0.6677909258689918,-0.040113552069168
1.0,0.10851663544750956,0.8277451474281119,0.682204459970855,0.403376106120821,-0.1922804121003827,-0.8378057319373783
1.0,0.3294847069935072,1.0,1.0,0.7493036055463123,-0.2729236007296534,-2.201196809456209
0.3657024263652188,-0.29738850299595254,0.9414900628068148,0.8821687205820656,-1.0,-1.0,3.2608164016628844
-0.9401052313486553,-1.0,-0.9531554374749704,-1.0,0.1633285539273275,1.0,-2.556070086568036
0.0412271181129652,-0.2601893327311702,-0.967066896669037,-1.0,0.18491289887437845,1.0,4.638855333232197
-0.07974425702082044,0.4784522426298763,0.9146629669058013,1.0,0.15535696714123626,0.08831618753898973,-1.0126003598490279
-0.3444005262919348,0.7678078923947,-0.4910636741745069,0.5998338792658229,-0.37280160126138956,0.5979196353436916,1.5041744801452488
0.5390075221609529,1.0,0.5246142718106415,1.0,-0.2731222079953378,0.19365313088041092,-0.19732791575696726
0.731959494087758,0.8399194278837685,0.9648809331674634,1.0,0.8982916220550985,1.0,-6.609452624246585
-0.5849787467043637,0.366710994328104,-0.29538636676100255,0.28675350065183713,0.7701928314597146,0.010297504015093509,1.4495591836801918
0.295584911659558,1.0,0.06761523590347518,-0.11214690209472816,0.2827303772050649,-1.0,0.8607266124977533
-0.41749808221142587,1.0,-0.132754185368811,0.5070875780194555,-1.0,-1.0,0.6255174069085995
-0.5894945608722091,-0.6931510413565026,1.0,0.16079953753509127,-0.1033989073442616,0.3899247321267257,-0.25515277636490236
-0.9001097580099644,-0.04289428650065075,0.20658848663772367,-0.45340395196307237,0.27524850650087995,1.0,1.9112348271833035
-1.0,0.4408519884728004,1.0,-0.0008026691812098585,0.6494084283342758,-1.0,1.7207900679305388
-1.0,-0.5482815635655685,-1.0,0.5870022285351401,0.4400975172391396,-1.0,4.82171729232019
1.0,0.8595171819593088,1.0,1.0,-0.37170343603945544,1.0,-1.8835671516134822
1.0,-0.3265969913124469,-0.058569034670062026,1.0,-0.27054219627510534,-1.0,5.659422305325749
-0.060920084186178,0.003652859570332234,0.39464002452790126,-0.37269123434517015,0.05388592648017654,1.0,2.672688862637728
0.2538101861188748,0.46078455748983616,0.5432052505597681,-0.4084369617164528,0.6715607960280032,-0.1402170335166566,-0.44227600449245674
0.3350475499624366,-0.8306344943524466,0.557947273384269,0.045953165579398325,0.4832042070906961,1.0,1.0531253953944368
-0.3452810005847239,-0.751413083712988,-1.0,-0.3410238148838236,-0.5456477893399319,-0.3326804496908048,-0.9855596147755459
0.7733289640022349,0.279470729325785,0.4109469483681165,0.015186083716519638,0.03943300973974829,-1.0,4.074292001211132
1.0,-0.019574296163248184,0.29369879822938205,0.708873528415009,-0.180904513697965,-0.13133262143912278,-0.24229306609631063
0.5498808331218519,-0.24392432381578089,-0.5219199874189975,-0.7311295839363408,-1.0,-0.7393362643544739,4.415032320171414
1.0,0.8355447429044878,-0.435030369763797,1.0,0.779737409369422,1.0,0.8887433468413766
1.0,0.9031795142523693,0.7518111593429628,0.3009768797358001,0.18825026240937706,-0.40723258919238026,-2.0078212317405186
0.6298774794094056,-0.019706591082223446,0.2584275656534647,0.16301163438962493,-0.3136854534073976,-1.0,4.751089619968463
0.9192047228210638,1.0,0.8654483955236569,1.0,-0.10861970746979277,-0.08963209679500106,-1.3184332024699665
1.0,1.0,0.3995691348146384,0.7908397465735949,1.0,0.027925741967406825,-3.4394822670054617
0.36834129320579145,0.44775717542769783,-1.0,-0.46618439736558825,1.0,-0.5576495746350922,-1.2525224143088356
-0.05858471435310708,-0.7213086156166404,0.9865381278747594,0.6000642758285679,-0.4608467034979298,-1.0,2.5934157486610787
0.32402360323883705,1.0,1.0,1.0,0.4203226604023864,1.0,-7.226175987332838
-0.5232293806730446,-0.5657039693953265,-0.3556384703301878,-1.0,0.6063525817772264,-0.06625712180925047,1.9033060619591655
0.19259935674552053,1.0,0.2975503768094776,0.8099636420639963,-1.0,-0.672591054648926,3.2328649265777862
0.6684707988374536,0.337910878317369,0.10713480718569057,0.3484973466469671,-1.0,-1.0,4.80449717087116
0.45617171060644557,0.2449978988173731,0.41575192438980757,0.5358527660489776,0.7293911382205891,-0.11148828883761963,-0.3466143925039177
-0.5488387310694891,-1.0,-0.027981121278680465,-0.6094634427111374,0.3289554282854965,-0.5687057937287047,0.5942710847211914
0.7446749200940699,-1.0,1.0,0.27230753447585837,-1.0,0.617259133535421,5.261519502969271
-0.4028406521221761,0.5952131797419686,0.3700145390370049,-0.1536892080347806,-0.1612726945878198,-0.3345916122168754,-0.837683879234678
-0.025608361210121444,0.8225645349503303,1.0,0.4667896216324837,0.6613896849492007,0.2942618111630875,-3.5726581165308358
-0.31086515545357407,-0.17323617688806303,-0.40184552990320543,-0.8175807041733535,1.0,-0.43661036969927686,2.6015614882756535
0.3594504739238944,1.0,0.5100607232308226,1.0,-0.06392043707655815,-0.19053979582429204,-0.6409922702855249
0.3699472178954921,-1.0,0.739497426692758,1.0,0.4238214911908511,0.755337546314114,0.48491847847751224
0.9547463077670252,-0.7487177636258386,-0.540721089373811,0.06786502684858836,0.6409416283375033,0.9496348566345105,-0.7285734844558083
-1.0,-0.7263549530467299,-1.0,-1.0,0.30913198787549157,-0.8071711588247513,1.1331680759215526
-0.626560672113347,0.9496317710625863,-0.8129319833334114,-0.27108298256065616,-1.0,-0.18888790733616956,0.3478841262755787
-0.3615248509167868,0.561226515353221,-0.23485179640937826,-0.7846362113494239,0.41858557453591505,0.6331634845191183,3.255396604396888
-0.10572117628695299,-0.34878915932120536,-0.43944840592776546,-0.30389448071417413,1.0,0.05244281108897446,-0.41363676874404315
-0.9008197656325925,0.4179702956345246,0.23321103569812313,0.05029922736146029,-0.36951049449803713,-1.0,1.0916258033774413
-0.49439348000382843,0.3090010447137427,0.39801106983867496,-0.2228910366339185,-1.0,-1.0,-0.36205166631584507
-0.5453486065603853,0.30045308820035743,-0.19578109288073117,0.3215331045546559,-0.19315193497170413,-0.13254347900908647,0.20796156733243065
0.2501500388606386,-0.521809310409024,1.0,0.4929657549020022,-0.8457626974493183,0.5753475699849568,-0.7096024216677754
0.5459928201068714,-1.0,-1.0,-0.13810784143884428,-0.891005244298356,0.43606996494922134,1.4374473612405065
-1.0,-0.5822980726750867,-1.0,0.6790192153353478,1.0,1.0,8.09655344780449
-0.09255244352584185,-0.1725503233472768,-0.5954696555252648,1.0,-0.2120719808763991,-0.16642302610499327,-0.48022143381941773
1.0,1.0,-0.3385683883664049,-0.8689964436257708,-0.32632084249497273,0.13894156689968673,3.595984494639278
1.0,0.5243925398430831,1.0,0.01831084834093777,-0.7565982007815447,0.1826789430687782,2.9758125585400044
-0.1312090827376452,-0.5371922807546061,-1.0,-0.7736353726711649,-1.0,-0.33398622873617795,-0.405388549351717
0.444135368538916,-0.2101858846250595,0.8098311048179518,-0.8286607193084681,1.0,1.0,-2.1398186342668084
0.43687532641982996,-0.34362148446208624,1.0,0.6922266095805594,0.0038276171997995156,0.39107475943823544,-0.41424059178019446
0.39226262587921346,0.32148120586341467,1.0,0.45936760059053194,0.08015975537168146,0.5398101792378469,-1.198658472437651
-0.5867196540069352,-0.30160566128142796,0.8950925207157852,-0.05529891334050546,1.0,0.6262227392380404,0.4567511397448276
-1.0,-1.0,-1.0,-1.0,-0.7091221310119956,0.8569432042155856,-2.227006636666686
-1.0,-0.8051381065060609,-0.9343792866374009,0.8923106370563177,-0.32834169259811125,-1.0,0.3827739014354499
-0.6708977408857404,-0.09229471560078228,-1.0,-1.0,0.14514103664775274,0.5237458448337349,0.2168938036811096
-0.4202929400344886,1.0,1.0,-0.40064295544891065,0.04031420343741218,0.3092171169168558,-2.750200162128272
0.3463849788862801,1.0,0.6099478840218971,1.0,-0.06375115574101897,0.016696879588787183,-1.1396716124632906
-0.6548331884740564,0.7112729937975694,0.988522625793143,1.0,0.4776209308144389,0.35187101137769855,-4.144386483886375
-0.9499963666279637,0.26011786712816876,-1.0,-0.05947939651904782,-0.32981197215555663,-0.8455263605150585,3.528956585968561
-0.20119215326809803,0.3764656636783684,-0.033448893498512156,0.8319787883638022,1.0,0.8640038857487815,4.071553326879103
-0.5177913236144578,-1.0,-0.3241293130945606,-1.0,-0.32158634789944623,-0.5122575366774309,-0.01136844166946771
-1.0,0.5664091761764898,0.4270684740783024,0.2347187049056118,-0.045174964007900886,-1.0,3.3133902873239442
-1.0,-0.8545681156493006,-1.0,-0.5616480651164594,1.0,-0.07767029097159928,-4.6214655295533555
0.45264471808309265,1.0,-0.15877121625802174,-0.12338157369192182,-0.49649419762252905,-0.009964730061662819,0.7276910359261355
-0.5166773893480039,-1.0,0.32335898864477586,-0.04073622817444522,-0.7148414103969873,0.71607872324245,-0.578315409020796
-0.06831475879935861,0.43626659028207204,0.11636746661416995,0.3060792965641247,0.02087358490494584,1.0,3.3130283266544778
-0.2743143164294188,0.44196510625006846,0.22417740639955813,1.0,0.6130175174881114,0.026468742647225763,0.3261637277108033
-0.3562084524889323,-0.38143112204318746,-0.3532009401944267,-0.9123212525972928,-0.7684525188589377,-0.3983308904009822,1.2733130060101958
1.0,0.005148714891044737,0.15533467422353175,0.4076866772855299,-0.6646979387581108,-0.8903746438724878,6.177443759316049
-1.0,0.5077091910501912,1.0,-0.2766550066189236,0.6131544957847433,-1.0,2.4059217574359604
1.0,0.13492539774958434,0.5000904135892903,0.511638801543657,0.3760144135640089,-0.025470075561216055,-1.1710507614014025
0.12092448656077737,-1.0,0.1086195254674785,-0.6803311510008876,-1.0,-0.03116225546389919,4.8040522278227895
1.0,1.0,1.0,1.0,-0.6355191575046306,-0.5317358668194476,3.3643501260996675
0.5815921572588615,-0.3468749498033299,-0.15210274405256963,-0.22918796310883688,0.34258472985266514,1.0,1.0870153230937474
-0.8688979505374927,-1.0,0.35404711296431707,-0.9224794355753675,0.7984356419772267,0.1899776298481332,1.62952029883939
1.0,-0.4675420393320977,0.6149055379657045,0.28135457178661505,1.0,0.14900810119642527,-3.454214947531266
-1.0,-1.0,-0.8577851969216537,-0.04645930577030333,1.0,0.40721527647537736,-2.2498191420456135
0.29572693365272706,-0.5763729670969129,-0.1858399489916332,0.601737929346396,-0.3873891117384849,-0.36654930653293727,0.2021925157020994
-1.0,-0.27925795235111806,-0.8977605078761032,0.28527004601146067,-0.5011565367107109,0.19441310064179118,-1.6647007006771457
0.8496903410660157,-0.35015616082395196,0.10945224473298365,0.6287950440783017,0.3084542686321663,-0.12367420045121408,-1.4491712055641508
0.19788528730709554,0.6496327210387466,1.0,-0.8201449315226148,1.0,0.6583019059431846,1.1139635789962723
0.9679592560237698,-0.3601535061371516,0.02733084557520693,1.0,0.013402394961032418,0.19320976552983465,0.01861448273311027
0.03730746038850871,-0.7434571293397858,-0.7110039848723652,-0.12900341439183,1.0,1.0,3.120461662277576
0.3529282755589385,-0.0045361318014887075,0.029354790796466024,0.6052661531643493,0.5666246892793478,1.0,2.833090644305913
-0.17706580852206955,-1.0,0.24988669442315237,-0.03142356821522285,0.6162717402622667,-1.0,5.113699702663316
0.831565602652848,1.0,-0.08494279094954343,-0.5585722013700768,0.06470782596797742,0.898916060594918,4.160020502808822
-1.0,-1.0,-0.12348975032109744,-1.0,-0.19491352206088364,-0.9016817209309441,3.068984470415059
-0.35612533070285834,-0.38261603890511825,0.6537292324296108,0.10020790072042829,1.0,0.7415669765189487,0.4041943293323202
-0.7985600628340974,0.522382754426188,0.49936428560043133,0.25800223449950477,0.19738664708153542,-0.26232245393467396,-0.09480800414136392
-0.04014788644949846,-0.39251920613086805,-1.0,-0.14020436950251622,-0.4191013815600164,-0.2650120962232757,-0.13736043973019357
0.005965161229016858,-1.0,0.443741506971668,0.5029978315987941,0.2298171840535684,-0.5666009279549116,1.415766666701365
-0.9140852032791655,-1.0,-1.0,-1.0,0.642115162386608,-0.12275894281346814,-7.31630230939425
1.0,0.4618276552712384,0.5824043814269078,-0.8549270651570042,1.0,0.9161290689964836,-0.3157299744862736
1.0,0.05549969024206436,1.0,1.0,0.6243389708523338,0.11755131272261676,-3.68802560518991
-1.0,-1.0,-0.8457320669924638,-1.0,-0.07247190799909475,-0.03664465189708194,-4.436850417367373
-0.7618860678694841,0.030149187055901583,-0.8219439601316882,0.17595699743905782,-0.6557123533021203,-0.529919814588325,0.2941429664477444
0.3469431652436953,-0.3444848201332184,0.5867197834206954,-0.13214184845206645,-1.0,-0.42888182473502257,1.0047518847509496
-0.49992649654720234,-1.0,-0.6843345567713796,-0.9039764450373904,-0.5752430188231403,0.26575894873390765,-2.083508256637672
-0.18045127272805628,-0.8394050919754686,-1.0,-1.0,0.6596616889148637,0.5583560386759326,-2.999416647009635
0.9914977164643028,0.4588319281537481,1.0,1.0,1.0,-0.38258636336515345,-4.173640457489103
0.16779252392660335,-0.48388648273890295,0.4255861666012352,0.5303008003390415,0.14951013624384935,1.0,2.5083954995234516
-1.0,-1.0,-0.5354882746672391,-1.0,-0.16913519967509846,-1.0,2.6635646324034687
-1.0,-1.0,-0.6025426504553902,-1.0,0.5415783468896165,0.7042715899956504,-3.454556138737037
0.30627056854805856,0.990735240680801,0.19137527825680967,-0.3204983459904861,0.4368458024289994,1.0,3.4128694243170745
-0.7000565404373223,-1.0,0.2738500308551748,-0.9019525726660267,-0.06939867288562118,0.36276938506296297,-0.7025208065308982
0.7967557469690267,0.16130129510905172,-0.18767485691187502,-0.22826831845273943,0.31013040662821156,0.197033036339882,-0.8073921506738903
1.0,0.6763242643898101,-0.5441425889161763,0.6461872051052658,-1.0,0.4849903793051172,4.9112817728120755
1.0,0.8076893852782334,-0.21163483776107037,0.4817155702591076,-0.356681203615391,-1.0,6.040058030830778
-0.5737242935724602,0.13035372269661027,-1.0,-0.29837858770272097,-0.572260071112195,-0.02595476041437106,-1.452926328485002
-0.5860731092641094,-0.9432794333635985,-1.0,-0.9804188443337274,0.8084641575107512,0.7276886105663245,-2.7376899395767844
0.19005421742907494,0.17359069564716856,0.04946529649728093,-0.05873827067115081,-0.8905148199141587,-0.7780023861898925,1.777962124234876
0.9742372153446892,1.0,1.0,1.0,-0.13888392663060958,0.4720028372664796,-2.890390046641072
-0.6369495557003964,-0.8706582029464798,-1.0,0.7665324332580833,0.2795681939617623,1.0,5.27463848101714
0.7840923001094005,0.7486259184949734,-0.545350921544492,0.13812744577691027,-0.7564476491757957,-0.5671968755042676,2.2906711259605346
0.8648128799563528,1.0,-0.24409232076654558,1.0,1.0,1.0,0.9759224724536072
-0.15072286724673217,-1.0,0.4080343782515909,1.0,0.9690724543382963,-0.8181061972911239,1.2736725919365144
-1.0,-0.5581613832186343,-0.3949273523683894,-0.7727573940767432,0.5435265415701136,1.0,3.022187354815319
0.8662202468851754,1.0,0.5575599477935225,0.6869211525463594,0.758291927388763,0.08784599665118048,-3.6327928244934844
1.0,1.0,0.8706191225976254,0.35420369266945473,0.30225644921363415,0.3687402848930443,-3.2309761457403487
0.6741097947791626,0.9125067811480125,0.8587210581735911,0.634751123257616,0.03548943775888112,-0.38077840987781875,-0.9222511128689921
1.0,1.0,1.0,0.776105688698735,-0.474652428621227,1.0,-1.6886670961397254
0.23067052019684908,0.938375487308315,0.19960621819091695,0.11232030444797314,0.09440442689994699,1.0,2.8582862663409756
0.002448064149328591,0.6491772674254301,1.0,0.3548632899913222,-0.25684669100976065,0.639997318767888,-1.6122874793348445
-0.35042543440116947,-0.20168027019364587,-0.12588717297566354,0.5087689244293206,1.0,0.15589373655002436,0.17404815377197536
0.47807764681939613,0.3800248293887324,1.0,0.5902058999654817,0.9542229947246392,1.0,-2.860182891960897
0.22032204506762376,1.0,1.0,1.0,0.46209724115938633,-1.0,-3.329109939470334
-1.0,-0.1473342231529785,-1.0,-0.3151772757389566,-0.275378452304901,1.0,5.817483753667051
0.36712767345592523,-1.0,-1.0,-1.0,1.0,0.6799612157402344,-4.983868020067326
0.14583653441667543,0.06119220537762729,-0.6929643140760934,-0.07938958485862752,1.0,0.8801498742372132,3.245633461826581
-0.821927421432816,-0.4722993918406799,-0.5529884750750045,-1.0,-0.7868141370848268,1.0,2.5661097368676846
1.0,0.5535397912355926,0.4663528313411067,1.0,0.4386977840922926,-0.2781533441308101,-0.9904281443238792
0.5417498640131977,1.0,1.0,1.0,0.11599167900120932,-0.6321295664269502,-1.8503664764148111
1.0,1.0,0.5920723772956951,0.03287154345534038,-0.1840952855087024,0.089493424792104,-0.5178086070455332
-0.3009339867347703,-1.0,-0.8934696209774807,-0.2504343160879601,-1.0,0.2668361260034878,-3.1371566160962057
0.010629045109377788,-1.0,-0.3286549472085387,-0.7368507540598372,-1.0,-0.4867762947309233,4.5646418080923485
-0.3442248924471998,-0.36909973092002696,-0.13977616934170856,0.5062625573619177,-1.0,-0.5418712768655749,0.048148355248387925
1.0,0.005579440438912897,1.0,1.0,-0.3922030840200923,-0.6646407596833969,2.7968111411326673
-0.5908361391646169,-0.06466264983466796,0.8540841737422837,-1.0,-0.13212076571124876,-0.39562948014579025,-0.3064247370441076
-1.0,-0.003719466416532091,-0.5475893612875107,-1.0,0.04623644232824464,-0.23483746242224163,0.4417722942769401
-1.0,-1.0,-0.028954559437735394,-1.0,-0.7451849894494224,-1.0,4.176479861345518
0.19443246488693988,-0.32397342919638095,0.05280465687272429,1.0,-0.6334713986656352,-0.5208231492963232,0.7458311763790064
-1.0,0.22489187010748812,-0.39549782274946177,-0.972635614533605,-0.8430888447319755,-1.0,-1.2447354681901341
1.0,0.36148045350183033,1.0,1.0,0.2319014693493835,0.0698556230261164,-1.5725158857787849
-1.0,-0.8694958357522637,-1.0,-1.0,-1.0,-1.0,3.6050668750500954
-1.0,-0.23623535369761234,0.7148537268867868,0.18746262784420842,-1.0,0.940446359380932,-4.992001140631622
-1.0,-0.3238551051321819,1.0,-1.0,0.010099108761063458,0.6712748272519653,-4.660808866322992
1.0,-0.8669295804552604,0.11154826537976992,0.2518576537850423,-1.0,-0.11102613506430625,4.297496491028207
-1.0,-0.9808072146694469,-0.3739418243253625,-0.5039857263805725,0.7104374439322152,-0.04458173041295356,-0.11054589536584186
-0.11472049984970797,0.06980833620056714,0.3689351489518413,-1.0,0.09637069860436698,0.09128678019103692,0.5258078516576645
-0.6316580963731537,1.0,-0.30227156844626263,1.0,0.9373350525299555,1.0,5.65693051885635
-0.24137051285916655,-0.6256683224154942,-1.0,0.990611777839745,1.0,-0.6823374747025005,-1.4526488583472918
0.40133766292167006,0.6162450443710725,0.6607658094051132,1.0,-1.0,-0.6626155322367331,3.6009504255019693
-0.027330586665781476,1.0,-0.05073365820272785,0.2825112234278898,-1.0,-0.5794990012759547,0.40778591172914225
-1.0,-0.14869624997634512,-0.1082860811843902,-0.5035867002647183,-0.991229938335776,-0.29937133629100343,-1.583954300529193
0.026510624859155674,-0.8714588666476724,0.4272001808839815,1.0,-0.8928496704148781,-1.0,5.229126535247356
-1.0,-1.0,-1.0,-1.0,0.6457761529531986,-0.45724734038597376,-4.626458838099098
-0.8846141993777976,0.26660001582474124,0.18981585026577907,0.8676632930218905,-0.23354998740717403,-1.0,1.9576989850201936
0.2665085073269986,-0.04365855758286313,-0.3937643557952875,0.11966414715715848,-1.0,-0.74114664156121,1.7231506434347532
0.2556107727384778,0.01915267298728296,-0.4282811391082719,0.3192187131001386,0.5432773435540057,0.8802433542631636,1.7765925710316637
-0.6176852096820697,-1.0,-1.0,-1.0,-1.0,-1.0,5.966524285378919
1.0,-1.0,0.8612775343920092,0.6160707513145505,-1.0,-0.508525862648326,11.44680428183865
1.0,1.0,0.2831319367606142,1.0,0.39104068867548236,-0.2589332912335547,-0.6039064560718392
1.0,1.0,1.0,0.6564106438562283,0.1609592282563797,-1.0,0.3017793134391886
0.07982798136735345,-0.21597036994499902,0.06457482398162467,0.6701105809813153,0.666326135409532,0.7457984297664408,1.5578996882607823
-0.34322431300295975,0.4904259639877356,-0.5759794667786627,-0.41987024679281004,0.4509724697162228,0.8601784927187649,4.772626546545968
-1.0,-0.804126375057274,-1.0,-0.26475186741163337,1.0,1.0,4.477342659069138
0.6229232423339008,1.0,1.0,1.0,-1.0,0.9769837277749837,0.3818920996034806
-0.17574325869605933,-0.03608979566945388,-0.29086624486926244,0.0419659475839077,-0.48821743479572155,0.134919126191446,0.3767828464691299
1.0,-0.3826066222512617,-0.32833410121814977,0.5342618596572167,-1.0,-0.8324251876132642,5.899092399778953
0.41813074207824674,-0.48638596610064566,-1.0,-0.4745591980481067,-0.8311178415972524,0.030387577155253753,0.21630970282472983
1.0,0.27223422260390984,1.0,0.11878483314942323,-0.5550695607795468,-1.0,6.253637900220158
0.5857149343932355,1.0,-0.7354167226357945,0.24715018909412112,-0.6422880238327563,-0.5571465343261947,3.135017868098022
0.9855830780379621,0.6486094369112985,-0.19328477092146296,-0.077321515366268,-0.6604310223753698,-1.0,4.848788923605799
-0.21349967053625118,-0.6063122499459641,-0.3805828568290266,-1.0,-1.0,-1.0,4.471909287564225
0.2771724918011471,0.7294691478762965,0.8885358750261172,0.22790519859243497,-0.4669270737003075,0.3993196607172105,-1.0619475404807592
1.0,-0.05687806155267405,0.23733122960711006,0.11183420108156994,0.049137614820176645,0.2483331930669206,-0.32866559839059195
0.774003876426399,0.20738525950041292,1.0,1.0,-1.0,0.16235581047780923,1.9543406231552813
-0.377427470409853,-1.0,-0.7251577181195461,-1.0,-1.0,0.05122215520999279,1.3911424428948418
0.6427791689723007,-0.10847918192051365,1.0,1.0,-0.49532417679127216,-1.0,4.612839209218281
-1.0,-1.0,-0.17872482953258917,-0.7614149743180922,-1.0,-1.0,3.6743913663135284
-0.8868061156927387,-0.5597292849800947,-0.5797849727770631,0.2459800085784131,1.0,-0.18678593306112679,0.8254278657821085
1.0,0.23965504054908493,1.0,1.0,1.0,-0.1516194533447297,-4.312296148250906
-1.0,0.5807852382189148,-0.8279089650793865,-0.029495876543895072,0.33610290351565675,0.5273762824828181,2.560277128202632
-1.0,-0.7563103568923729,-0.9969716005371636,-0.1431071715671875,-0.3006439426617788,-0.5926249405078098,-0.24358663884068527
-1.0,-0.9775728734150979,0.40252657051047,-1.0,1.0,1.0,0.8683619065738026
0.5654942341183797,1.0,0.8809452647305795,0.5417092630051457,1.0,-0.20767677748098812,-4.023923445229471
1.0,0.5314199325735808,0.48438017090124064,1.0,-0.2606061969161313,-1.0,7.0989659203146935
0.849796213760182,0.750261668859887,1.0,1.0,-0.2788241006028087,0.08251997909727693,-0.4394244676190426
-0.8792080749103142,-0.12965166943111606,-0.9637330398861484,-0.7621023459523439,1.0,1.0,7.962980604091426
0.24014790824645948,-0.7915516365619413,0.5019653520365863,0.7611253658419481,-0.8188749449337435,-0.9004114511430887,4.617156946193261
0.7603107058000167,0.5812801771385249,0.3108220251696934,0.7043102845266784,-0.36330233189576444,-1.0,5.935412894561415
0.16145192057538338,0.4521862763906489,-0.3696399936541437,1.0,0.35357560063291027,0.5003647534612994,0.9464721899959598
-0.9271186092913534,-0.20535911322095599,0.5713454989358389,0.4245537462619797,-0.902855263800227,-1.0,-0.0809998848142762
-1.0,-0.8666463164278692,-0.17274211552992957,-1.0,1.0,-1.0,8.456984536782278
0.8436038730160665,1.0,1.0,-0.0073187921796300515,0.5103124932688077,0.6036742829453448,-4.203677607420181
0.09187387805389202,-0.9363837805286624,0.23616676914805335,-1.0,-0.6584419971055119,-0.7023878061196319,6.5667123633133535
0.11894785455387613,-1.0,-0.4579169564008774,0.6123825047352656,-0.7087618914166203,0.0975070714193762,-0.4764059696152322
-0.24346038908864776,-1.0,-1.0,-0.5048539126429499,-0.4098321158988481,1.0,3.2196036493315487
-0.17486252754362475,-1.0,-0.18829384170451657,0.22322685499685282,-0.4925611551708933,-0.11896278911760239,-0.25741796076825374
1.0,-0.6537359371632898,0.8100056780518279,0.6068749898374437,-0.9648165561663032,1.0,5.953066208014743
1.0,0.13309639536179918,1.0,0.7807639779617306,1.0,1.0,-5.015131531369018
0.7221712335438139,0.5181176865114281,-0.5734499559481274,0.679855003260887,-0.9755805728460596,0.25334029790693235,2.855888130319497
-0.21912601281272204,1.0,0.08884431440277923,-0.24878336001506263,1.0,1.0,8.109301128425907
1.0,-0.2920424710916558,1.0,0.2684408629003936,0.19809094036888697,-1.0,3.782656072629747
0.7240559997925045,0.7271042120185618,0.33400001396077716,0.9392630971854388,0.162459305429387,0.08802601406501032,0.25833906497808756
0.7977131746445603,0.617505208059981,1.0,0.8528014634260592,-1.0,0.11265548294137828,2.3992916582591173
0.44595679138205635,1.0,0.6239607917970739,1.0,1.0,0.552310101036907,-4.473859710115635
0.5846900420716398,0.17769130281427237,1.0,-0.2056859657499765,1.0,1.0,-4.816682495785496
0.7630355780274061,1.0,0.6048368485551321,1.0,0.06720138299623701,0.11617878963079553,-1.9067918716576735
-0.5622245578702052,-0.26107622348925985,-0.6767495467204367,-1.0,0.201490160033721,-0.3760393068548414,0.4025727688223073
0.09431442252240174,0.07678867006047319,-0.5478528299995176,0.5980450809781582,0.287788314655828,-0.9106008690705383,0.24486464231895844
-1.0,0.46804846092794716,-1.0,-1.0,-1.0,-0.40328822512638385,-2.7319264762069757
1.0,1.0,0.4087506714281546,0.163794239021962,0.4221947997056885,1.0,-0.4037387564877474
0.23250398980758535,-0.3165122143988749,1.0,1.0,0.6876891240943204,1.0,-3.3679214265306703
0.021150206926201065,0.0013875173028131127,1.0,0.4747195253387807,1.0,0.8252633711618329,-1.261839000231567
-1.0,-1.0,-0.649151360231785,-0.40781441497728144,-0.19453791098647333,-0.6461540260492846,0.2225702940758953
-0.10753224086211988,-0.06363338829942755,1.0,1.0,-0.5294269917029248,-0.20478647954290463,-1.54237536662249
1.0,1.0,0.20424447051229871,0.01588291967191402,-1.0,-0.40909400136698615,3.063626644847322
-0.43149771766083256,-0.9849285909628571,-0.1844609802244599,-0.3711614877492022,0.3193381317318711,-1.0,3.967986987179214
0.1327385099244658,0.6808035017910672,0.0027950834586232265,0.10239750918348878,0.1190852795695555,0.934168777442229,2.5843947775893095
1.0,0.014928425018695735,1.0,1.0,0.4724489182021532,0.12641074673599084,-3.6639771827431438
0.5028034368942482,0.7354583580829792,0.15900629406564604,0.6021921446768936,-0.4978164277278034,-0.7135152281050315,3.0257250190189704
0.789614350157191,0.11034973194029041,-0.16286458817745303,0.757908323347694,-0.5168096704617491,-0.05312177925641559,1.1276862642308247
0.6217241580137411,-0.17703299553428664,-0.8254101172440518,-0.14296691270851825,0.3578925853189342,1.0,3.2063759211890295
-1.0,-1.0,0.09484423763828947,-0.06244288495208028,-1.0,-1.0,2.2257850403581774
0.8419624911430692,0.7901486021915464,0.6582055172427654,0.03979677500671186,-1.0,-1.0,4.934746328611982
-1.0,-0.5580720281078961,-1.0,-1.0,0.48000209259010507,1.0,3.447382728255446
1.0,0.41409044715515253,0.4124863509741501,1.0,-0.579289676633022,0.41909662482137566,2.1320131870973373
-0.18591520824432872,-0.872464885579424,-0.5956673957643368,0.008480887224890127,1.0,-1.0,1.298482527019
0.35950472234330766,0.3996512499330555,0.17273770398882649,-0.12970627856964045,1.0,0.37129335775037164,-0.6468440847677567
-0.045201101807416044,-0.8179747005748552,-0.6436961467571858,0.6999057682048199,0.9182118698299553,-0.7466514138176967,-1.085661307555599
-0.29774718298410174,-0.08125266847176832,0.9147745822244371,-0.043394478360307076,-1.0,-1.0,-0.5570710833673453
0.16218467906413558,-1.0,-1.0,-1.0,-1.0,-0.6128644640419443,4.148618001146992
-0.9694275259067703,1.0,-0.035349406169172926,-0.7871004275488346,0.44959432961134466,-0.02370841898144671,0.7838230114775395
-0.17103978592292737,1.0,-1.0,0.6674375809763681,0.6152785911913772,-1.0,5.007910561308899
0.7871270226783247,0.5253199822791995,0.334565024775058,-0.7367086642852886,1.0,0.8337866423762665,0.944986877322193
0.13899458491494743,0.39743523321456253,1.0,1.0,-0.10760826504927518,1.0,-3.3125940608770845
-0.6952578871012556,0.11578385477873221,0.31054787873852907,-0.4544470687540716,-0.570713313592287,0.7224733835147982,-0.24019158466550294
-0.4704582488694411,-0.9685073071039321,-0.8811276314528738,0.06090631303341287,-1.0,0.4347367577103032,-1.147849106450166
1.0,1.0,0.7053228697893212,-0.6216731041096623,-0.944487313179134,0.13660436910463747,3.3240797615179414
-0.46576447265699106,-1.0,0.19616395944495757,-0.929729201387371,-0.40681125667375007,-0.5387352320410768,2.9457508727253847
1.0,1.0,0.5183633263862657,0.3174605620036218,-1.0,-0.5815757378103659,3.4167957184767097
-0.21117811274012077,-1.0,-1.0,-0.7364652083096019,-0.7490275240269444,-1.0,3.657578779004438
0.3778427475572138,-1.0,1.0,-0.6747763551779586,-1.0,-0.6412140194210305,9.180712884484809
1.0,0.4420756734607609,0.5193636228803564,-0.34864993961201396,1.0,0.7357360170340544,-2.120859242854374
-0.19923645048815486,1.0,-1.0,-0.04587991018281379,0.22582276523209543,-0.6408686014967819,3.112516560079096
0.03385641642250686,-0.1687430553468453,-1.0,-0.7356741293424254,0.44595535259201,0.5093702834490322,0.7176103738952194
-1.0,-1.0,-1.0,-0.891476466766413,-1.0,-0.22794563123095668,-1.0350408329349292
0.6833005625792705,-0.8069415095477253,0.9910165900084024,0.046624890660269536,-0.6004150271137083,-1.0,6.994287316278948
1.0,1.0,1.0,1.0,0.3222210181507754,0.7935844559021362,-6.662907551796318
-0.8092230647366007,-0.3732171005044227,1.0,-0.05674888778661491,1.0,0.9478844236010704,-0.5400284780916763
-0.12634167427957133,-0.5508638547774158,-0.4294064418836302,-1.0,-0.9748527183769773,-0.39526614159691476,3.266361510768562
-0.30372822282250406,0.7114645630431575,-0.6315731788541341,0.16071067671038375,-0.4424029794708187,1.0,5.8582064813044665
-1.0,-0.8277862909633577,-1.0,-1.0,-0.8692177862100874,-0.3196869281348824,-1.0500856115124428
0.19588778496646525,-1.0,-0.876621756443956,-0.7185815321069355,-0.030944891737338276,-0.698945563731616,0.17567703384638378
-1.0,-0.442061932856363,-0.9234483205853383,-1.0,0.2886941632618092,0.465542841163417,-2.282765739526229
0.9592600714972416,0.9039124903588184,-0.981636600525409,-0.9443902150360487,-0.6681604720486058,1.0,12.9108965052148
0.8614408437177268,0.2161655171136037,-0.14094756906192063,-0.6584533092096201,1.0,0.017137986556111595,-2.6137452545613784
1.0,0.5753941250655528,0.8063914792484819,1.0,1.0,-0.15698037283326485,-4.055201054958921
-0.08683254099922855,-1.0,-1.0,-1.0,-1.0,-0.5891855203239285,1.9892092190078328
0.865456628793778,0.3581168301278292,0.7673531535802224,-0.527070076245868,0.7857623794580224,-0.2483589102992927,-2.2614609905813703
-1.0,-0.33324537758239864,-0.8376326197396602,-0.013002244791817219,-0.8229978462186064,-1.0,2.272395074846447
0.3189796238389894,0.2297485429156412,0.5938742243790587,-0.7577151085588634,0.12343440387533033,0.35122180708636874,0.33614037473240654
-0.3210338352342342,0.8058621868814997,0.4232815737225752,0.5654143423223379,1.0,-0.13399701724272384,0.9280922453164006
0.8388698811497706,-0.25966903614521375,0.6666388676898645,0.053484708771663225,-0.5284263662982995,-1.0,6.750209173248528
-0.43681318604285546,-1.0,-0.41958575333099035,-0.7568651756380469,0.7456046956832422,-0.028506230214949135,-0.7371433961251208
0.40839147397348136,0.12444244761520604,-0.4767602587148502,-0.11939426299364492,1.0,0.5531416272819818,0.1264765827427823
-0.9520039019937243,0.2502278296853825,-0.5169905748656389,-1.0,1.0,0.09998817134771087,4.249832859381762
-0.08626530904183127,-0.6234324982274504,-0.27212007392205795,-0.4023852823050966,0.9410795089950479,0.20146183361643794,0.7795385854558604
0.3788725661900033,-0.039509478983254465,0.10531969890098039,-0.09277137620811887,1.0,0.8191197923660742,1.325510535967274
0.7543691147480538,0.22925000644498572,1.0,-0.42934736283814856,0.5071363572793786,-0.0022257240137064926,-0.7499672103094834
-0.2530704031777362,-0.15869748815578066,0.3752821094946049,-1.0,0.17026586410276934,-1.0,3.539198085401301
-0.2846670223396498,0.12625583774104263,-1.0,-0.7408748846606245,-0.9841842741554891,-0.8062484877761429,-0.5852653900150577
1.0,0.33206730496873393,-0.03910822655000945,1.0,0.33300334574758816,-0.11580498177157822,-0.7507714437911411
-0.011210839063252154,1.0,-0.8984048265242608,-0.43413524639582524,-0.8665535763981649,-0.6337930494546893,0.8066003143235162
0.9750704871708662,1.0,-0.5748870448581013,0.362479727140073,0.47071191009665875,-1.0,1.6703687831432
0.3936272977973961,-0.7479152252363758,-0.0591622862084783,-0.20021414619612776,-1.0,-1.0,5.575106184624584
-0.5865753349139673,-1.0,-0.54954052166282,-0.1754245581023509,-1.0,-0.29270420799249464,-1.8881105465724917
0.32024883018690076,-0.13458054690043708,-0.32767860152799844,0.1316874636722225,0.46340389236506196,1.0,3.1167561061088587
0.3659393883574167,0.99930817073749,0.02723455501625227,1.0,-1.0,-0.08843632055258643,3.222547198413378
1.0,1.0,0.12077401045370295,1.0,0.2055327776129749,-0.5137399561831755,0.8856873131807956
1.0,0.7998333928672212,0.4961016015720334,0.4148872540438156,-0.7267837202039418,-0.2015537594091643,2.4942819084842207
0.5636210536571254,0.9721761126847988,0.056892034220488684,-0.25524914698068624,-0.9832589175811548,1.0,7.718759210412724
1.0,0.6516548322250089,0.9453326252352441,0.981678782886029,-0.5668198360791784,-1.0,6.794126885929238
-0.028072943820618777,-0.6266670799443166,-0.5145907828761052,-0.38143109710683387,-1.0,-0.1991099418245037,-0.605650107555696
-0.5331002460083978,0.19678171491546964,-0.1395014708826593,0.02963718146610944,-0.4658716341924507,-1.0,1.264828311523946
1.0,1.0,1.0,0.20437910802034087,-0.6297553904387596,-1.0,3.3557479024169754
0.5050866568272614,0.9576614953591991,0.35649215843788196,1.0,1.0,0.2112703275119696,-1.5915780204321819
0.0763050158978571,-0.1335469595413843,-0.036578468563091826,-0.5818886918654371,-1.0,1.0,5.327091544541737
-1.0,-0.3882260323172644,-0.14490358548444027,-1.0,-1.0,0.5419265836097765,0.36950484296833763
1.0,0.98295052656007,0.6260622157817568,0.6663346067032749,1.0,0.1959952107667362,-4.755349132187286
0.05430749088783314,0.6442901645185904,0.82945112050488,-0.6155380929983832,0.23846226594258224,-0.46677440583060975,-0.5445921438837038
-1.0,-1.0,-1.0,-1.0,-0.5076332535677921,0.13366215353727406,-6.4671542704710365
-1.0,-0.6158925275694571,-1.0,-1.0,1.0,0.02682714652775478,-3.6302539499001623
-0.060910662660738746,-0.08654353109311996,-1.0,-0.032856337610969844,1.0,1.0,6.924135140280727
-1.0,-1.0,0.3196194301359065,-0.9176193273111689,-1.0,-1.0,6.862389515223446
-0.7306076508100973,-0.7469090894860361,0.17645116931815202,0.5313827060364068,-1.0,-0.6281388600146234,0.077298485729965
-0.25376837854470136,0.652669750142042,0.7451663525063619,-0.073790175362558,0.6907961601902426,0.26147061347260225,-0.16425979307305233
1.0,0.8334227861983023,0.890147834926706,1.0,0.4325540127501586,-0.7113027618309625,-0.4817041977149476
-1.0,-1.0,0.9462629297961533,-0.7226540627717746,-1.0,-0.002675479937887748,0.9138587444181543
-0.044015210039075964,0.4981397939499759,0.08369389522366888,0.22208766514552591,-0.22480451302243742,0.7236042490795743,1.3970178917998137
0.7699520595296462,0.23451035734073622,-0.6043381922802793,-0.07683201720109473,-0.8741954416905686,-0.809960303087448,2.7619849786667316
-1.0,-1.0,-0.5510865347656744,-1.0,-0.3392008814181766,-1.0,3.3421209335066333
0.7982380848499611,0.41165983961121244,0.8020217759544979,0.42499727367264395,0.654706643599987,-1.0,1.0179101632913945
-1.0,-1.0,-1.0,-1.0,-0.0014521091113266493,-0.6388364274810674,-4.046568333319284
-1.0,-1.0,-1.0,-1.0,-1.0,-1.0,4.539922101764312
-0.32365201538854227,-0.0710812931764076,-0.7407936305690055,1.0,1.0,1.0,7.064535466763545
0.05345140026075712,0.6226852199094757,0.3658203440758456,1.0,0.07442506601488758,-0.8822807588445544,2.273696596988251
-0.12109797031671854,0.8986415513653532,-0.5491233922173717,-1.0,-0.06977547905417025,0.007892620183110655,1.3452256330930235
-0.7720349268466711,-0.9263557122115982,-1.0,-0.8369040310150828,-1.0,-1.0,3.2112287721093873
-1.0,-0.4253601670476813,-0.9287576453273347,0.34264953316966973,-0.7616640704836731,0.3542320528846039,-3.190248207414815
-0.3156523518491341,-1.0,0.2747741955891201,0.44852952600416685,-1.0,-1.0,2.520161195480923
-1.0,-0.7076920765967298,-0.1593390761819029,-0.20756406715713588,0.6913237873795388,0.9747084443103513,3.0675921469539644
-1.0,-1.0,-1.0,-0.13288941394829368,-0.14615536059433631,-0.9980289718757998,3.4675120103379777
-0.8901234287038549,-0.9048845661788052,-0.8433258399818526,-0.019310703967888587,-0.273036136965896,-1.0,3.296772013869881
-1.0,0.040939639673226,-0.026402261111229758,0.2752046918127148,-1.0,-1.0,-1.2342546957031013
-1.0,-0.850096151843063,-0.9284294102131025,-1.0,-1.0,-1.0,3.9896510872818025
-1.0,-0.8460098603912131,1.0,-0.672373184516786,-0.03754875894572712,0.24845702154659732,-1.1005053262842004
-0.46216048422214495,-0.6099438353477918,-0.7008331528818084,-1.0,-0.708020562489797,-0.43120122807171835,-1.2845630704337105
-0.48178245664283326,-0.25253636134493984,-1.0,-1.0,0.9748929011765239,-0.09785357370001802,-0.12600175699283117
1.0,0.1789034895050703,0.8173373859130215,1.0,-0.26416566288511734,-1.0,5.753927234126593
-0.8165894711627255,-0.9556505575587221,-1.0,-0.08086105977199404,-0.8774066345764884,-0.2793176619651663,-5.348534891243565
0.3918552886187998,-0.3070245383081144,-0.4542764772688026,1.0,0.3912721986571852,0.24870961945446224,-0.6363310562829618
-1.0,-0.4432811428180955,1.0,0.852616851973176,-0.47332856345273266,-0.16927043714177137,-2.4857869242610984
1.0,0.4066968447333723,0.5078271807559471,-0.5764399478171383,-0.7543642851434044,-1.0,6.82239366309804
-0.7171594428219585,-0.3256372822589622,0.7504413710925522,-0.5102076508611326,0.5433822743067294,-0.01693538992859389,0.579403604526805
-1.0,0.3762325439430943,0.15181055792255616,-0.8342005272165349,-0.57719850365404,0.15598296797182695,-0.4103595284431536
-0.1082146994031924,0.6736527460567944,0.5389254423668076,1.0,0.42495191145292627,-0.45564957561300995,0.33701953164005155
-0.12880965125315136,0.35939092542720674,0.763206600407587,0.6007318114673189,-1.0,-1.0,2.0829020745953093
-0.7003624136201799,-1.0,-1.0,-0.8415969863508306,-0.05385850373374915,0.7976998494921949,-1.9581174766164642
-1.0,-0.6130460404221416,-1.0,-0.5068666400841618,-1.0,-1.0,2.2260282349722096
0.30391470572374757,0.7653791209657195,1.0,-0.501380480125505,-0.786032488543512,0.5299428329412275,-1.4687393176812487
-0.6830095176993329,-0.4652604309779021,0.5694392964235689,1.0,0.21136222887996825,0.42637421511584406,-0.2596784999081646
-0.2051662406086036,0.4035426577038868,1.0,-0.6037656652841583,0.8707814992030588,-1.0,1.554746357884853
-0.29744695944582655,-0.07239858770399948,0.2390896168196085,-0.24911909100259821,-1.0,-0.44353190133601805,-0.40998081377389795
-0.054167720004084596,-0.3577123831405187,-0.3858494899437805,-1.0,-0.6679210653454124,-0.643060561518707,1.3755959598122058
-0.6830119375825037,-0.5468323205700087,0.07465168771491637,-1.0,-0.4546244187698698,-0.12980348410348475,0.02224947831965808
-0.5686443225999778,-0.7024734437435789,-0.8029536791579439,-1.0,-1.0,-0.9939339401271634,4.436154750482641
0.5714499520747566,-0.1557011903560252,-0.9384562387500952,-0.15924572530326692,-0.12551631470043734,0.1356569892910101,1.4836339073917295
1.0,-0.6593438554269484,-0.8029585877944807,0.5240204641162748,0.3273460053136169,0.10802354641059547,-0.8748061901198909
0.5553303029092587,-0.2448479809096359,0.9921224215861741,-0.1317665275084985,0.3458450320588824,0.6236001115835356,-2.2049068789885338
-1.0,-0.8000395581682131,-0.707942747155278,-1.0,-0.8194106670160686,-0.6719604254858572,1.307288630150282
0.6739647235678032,-0.23617809216738161,0.7465244570949496,-0.4560345781301912,-0.3849899874465641,1.0,2.1052477982441533
0.9206572318151771,0.7225306103848042,0.3128198130599511,0.4350296749660696,-0.008834174437909653,-0.5963528603758933,0.7308238694001187
-1.0,1.0,1.0,-0.6938572972624119,-0.09779860333753176,-1.0,-3.3645576729174023
-0.8205555307393441,-0.3727111456321127,-1.0,-0.5048441137186936,-1.0,-0.37796577020677447,-2.7963121419147288
0.9421235951905034,-0.21115220787335287,1.0,0.36705028680563223,0.7666951764034893,1.0,-5.327115144478257
-0.9457391473628391,-0.5124310477353945,-0.13826336155847851,-0.6462650910548744,-0.9024285576725644,-1.0,1.1226515572772882
1.0,1.0,-0.18446584446163572,0.8602710908750661,0.40210991696887277,0.5159162522772243,0.5804525293319986
-0.4332016624077828,0.9819948438801228,0.0889358038724186,1.0,-1.0,-1.0,3.8890986461751944
0.12997759252388652,-1.0,-0.4785979643920462,0.022405560905070065,-0.7801963097740727,-1.0,2.8711617225854873
1.0,-0.6633024362187738,0.19988785269180911,-0.17433979155383744,-0.9704858574114852,1.0,6.8122094668230595
0.1986374380074638,1.0,1.0,0.7154024947566628,-0.3204726129108545,1.0,-3.133500182064011
-1.0,-0.8526452778439071,-0.6487030297855161,0.11701995987372538,1.0,-1.0,5.012794469523969
0.11598102384254516,-0.5436908844653476,-0.21408562779373463,0.4363373136599931,-1.0,-0.3619956875146184,0.5821867310105835
-0.8727008454683607,-0.5141187508495502,-1.0,-1.0,0.8807219212736656,0.06827108638629387,-1.5135671562664017
-0.6441709409432428,-1.0,0.09254429028724087,-1.0,-1.0,-1.0,6.765545585566912
1.0,0.6457821567994685,-1.0,0.22712631353185397,-0.41917269692803866,0.5120071651614359,3.4040583278454153
0.5267061246871586,0.821469204480316,0.5956687877740439,0.9547908084066417,-0.7251520354512362,-1.0,5.679961803015067
0.9195662989869462,-1.0,-0.039661772442139975,-0.8689934977120704,-0.7343908064034457,-0.833989980596243,9.64254895844474
-0.9814423887731207,-0.848892697679675,-0.05761757441202375,-0.3772556495585163,-0.7007860661422205,-1.0,2.135188096562525
0.3868165938252155,0.4034818245914803,-0.15352086338059417,0.6588700835793242,-0.4766327606343122,-0.1950605837131276,0.013497196747665918
-0.41941043482168827,-0.12619428300958915,-0.46945677514992007,-0.5675404348711279,-1.0,0.47001735892224716,-0.2919789018527928
0.0745566244943241,-1.0,-0.08882102560677985,-0.1758476937433317,1.0,1.0,1.8534020590527274
-0.10499263045298068,0.4594584515694819,-0.8281314200885463,0.7051196310186411,1.0,1.0,7.123545338188792
1.0,0.780281517705725,1.0,0.016574604078383626,1.0,0.13476064324468856,-3.984626791723416
-1.0,-0.9975340901728846,-0.11926529370819194,-0.48645438811086184,-0.29598996617399825,-0.8549309416393847,2.5815607377170693
-0.400262922049516,0.6176827241954855,0.4178867413869193,1.0,-0.879882735721829,-1.0,2.360168843276056
1.0,0.5381181588360531,0.6693856875096029,0.38400719635532665,1.0,0.32392486586130564,-5.155019200904418
0.456362156353072,0.14702461593587043,1.0,0.6325415995119918,-0.1785041896368207,-1.0,3.5054388802073806
-0.46336682735958745,0.7382262777920598,0.5055494473498772,-0.34175569557209085,-1.0,0.8671613417483441,-0.12506848755857136
0.9065155927732462,-0.6307688704378306,-0.7770017728880315,0.28762381427607286,0.29094197223413926,-0.488977524299261,-0.7328288226694375
-0.7037697762817079,-1.0,-1.0,-1.0,-1.0,-0.8493823079822959,2.4425645632951674
-0.8405386246213148,0.7248838354083796,0.061950006070366714,-0.26262163366367064,-0.6335521417060764,-0.055045586048084044,-2.010876752459374
-1.0,-0.18242869489457092,0.4670003277819116,0.6122672840633543,0.42193678485180297,0.1196656294054077,-0.2837236518469125
0.3814165221263258,1.0,0.05349701660320422,0.3551139187072543,0.145712808201846,-1.0,2.710016762937649
-1.0,0.31178416793961444,-1.0,-1.0,0.7919353927816195,0.5006249486757006,1.7087338917557315
-0.1228164203982598,-1.0,-1.0,-0.01981804429894174,0.4609578248551436,-1.0,1.500179068200878
0.602000510802132,0.7147006992738361,-0.5849376698383089,0.4280934425521589,0.9129471296239071,-0.02446864391758008,-0.7942962675011815
-0.4290992846002133,-0.6238248496557803,-0.4214936958659239,-1.0,1.0,0.6493296845211511,2.203732601520642
-0.43629872763448074,-1.0,-1.0,-0.07711464867229023,-0.9636264133916341,-0.6820910508764098,-1.5915298279518733
0.7835766007863051,0.6368681400075424,-0.13272530486184142,0.23308742714927808,-1.0,-1.0,4.967025779940243
0.5369172288563131,-0.7340206248789716,-1.0,-1.0,-1.0,-0.8375494178228959,6.949045084152346
0.12943120446187256,1.0,1.0,1.0,-1.0,-1.0,2.3092410815377957
0.014422915221904642,-1.0,-1.0,-0.1734348155701766,-0.6236121015354793,-0.8800032654322563,1.1631577878895123
1.0,1.0,1.0,1.0,-0.3624530109783771,0.03287401606929541,-0.27028280152543
1.0,1.0,0.5067991805465635,0.5316386179061268,-0.639822269852327,-1.0,6.364874766022462
1.0,0.8447728600051492,0.5824336087786045,0.9349535688002681,-1.0,-0.7692175512150663,7.523713684387564
0.2887642452938819,0.810189241040018,-0.8051554819561606,-0.03521163487413348,0.11258626156113925,1.0,8.131508065016485
-1.0,-0.8680009720957312,0.2333775611548351,-1.0,-0.7726590624055613,-0.18250596530044955,1.3934228204987409
0.3270597731202929,1.0,0.8346548459438017,0.14709893161333376,0.922784659984921,-0.2551634784557084,-3.591943347148817
-1.0,-0.9629734022177436,-1.0,-1.0,1.0,1.0,-1.5068633135305611
1.0,1.0,1.0,0.2925962558617693,0.193780459984848,0.3772261855661747,-4.069915724852779
1.0,1.0,-0.29129736343852586,0.20458289465920865,1.0,0.8668954404025815,1.5135126739457228
0.12739367889613373,-0.9501175423835608,-0.3577428470403803,-0.7375937020082741,-1.0,-0.8778992771497371,6.097664374599215
0.2769360366095352,0.5483789032767624,1.0,0.9436332876023479,0.8355962028162147,0.28260638363101,-2.808334420748719
1.0,0.14358490670038893,-0.2998534660735696,0.696883430235528,-0.8515332827474513,-0.20360165458270596,3.6064048836568037
-0.5688612838317313,0.2020842973437335,-1.0,-0.8219488989496526,0.5539887096624648,0.7301102296077291,4.581120516516287
1.0,0.5005988389384546,-0.021264492757728015,-0.2125978440850685,1.0,0.6784710497995974,-0.876546802718861
0.9717590730562784,0.14533825771946834,-0.1144689186258655,0.3665699222939951,-0.7620897487759724,-0.6334571987105923,4.457707777145953
0.09552467263765968,0.4377987905037985,0.28424298281551785,-0.7451378875575383,-0.5169362659854698,-0.2384018408488986,-0.2661186913879972
-0.5349850509364605,0.47719464929283273,-0.5762457098044502,1.0,-1.0,-0.6314546209469083,0.4969150337936711
0.08297274742447769,1.0,1.0,0.11548909037919053,0.006335311916752684,-1.0,-0.9090695449303877
0.6604962516890154,0.7807193210662073,0.33168990094129347,1.0,1.0,0.16360145653074853,-2.2957993709134787
0.3415627152692848,-1.0,1.0,0.6745989596242364,0.7795158894891183,1.0,0.3363195144300967
0.9207135924913161,0.03155447391001054,1.0,1.0,-0.85142489957672,-0.5846054743140257,3.9654355267441836
-0.1057970957120725,-0.5674174482516295,1.0,-1.0,1.0,-0.8336840215178414,2.7407843880154843
-1.0,-1.0,-0.8373547865599369,-0.32814573638798705,-1.0,-0.6987251693107859,-1.70147977466277
-0.48865141108434157,-0.9616435632573785,-0.2006940490704956,0.23711043391484982,0.2556052389883443,-0.8018307990918471,1.829708368523108
-0.6908378725735347,-0.9701855316897712,0.1138119526623058,-1.0,0.2740239795968967,0.5161816481601016,-1.1216844546300537
-1.0,-0.5781695093576773,-1.0,-0.8027275073278985,-0.6422440277646746,0.23751680301299805,-3.023381898538429
0.5362258742118186,0.8728738343019342,1.0,0.5047734308976545,0.2720599522942808,-0.4560377070213147,-2.3413398063928605
-0.42475219463794184,1.0,-0.3629141443475228,-0.11197853378871181,-0.41636097893522606,-0.5022253851668523,0.43237915400459215
-0.9624943578598195,0.5333472134929896,-0.827886536654016,-0.6402285301107725,0.2674625862602679,-0.08178039516721797,-0.13646332340962625
-0.5175421826544406,1.0,0.3741085557180994,0.6815403711998922,-0.35048473243054556,0.13395139204915277,-2.030004735914604
-1.0,-1.0,-0.32208468487458386,-0.3153119634356667,-1.0,0.21051129130826474,-2.6183959050814045
-0.3941997973511021,1.0,1.0,0.4124569376784225,1.0,0.2828950237813337,-4.0148412799031865
0.2599108081191107,-0.10912055638821466,-0.018861568219206593,0.5855460913136225,-0.27407123437574943,1.0,3.250048103493163
-0.20393804189237574,-1.0,-0.6481833544217575,-0.9494111474408031,0.47889700811000013,0.5325097682513007,-3.6282282939926827
-1.0,-0.2019897464981848,-1.0,-0.46471327247949046,0.8610656219273984,1.0,7.8816975557339966
-1.0,0.4784982527267338,-0.27553241622882574,0.8008394620894588,0.7217151233861475,-0.6174763399240335,3.8047035050876388
-0.8661062330102172,-1.0,-1.0,-0.514943223817537,-1.0,-1.0,1.913174967222811
0.055574436783975056,-1.0,-0.43571694299876607,0.5665321157876883,0.675301694304064,0.2915748057395123,-1.3586384492514307
1.0,0.2894018792573248,-0.25184055016483126,0.23422876896561418,-0.8773093064137173,-0.3138669986002762,3.4727116717167346
1.0,0.5226688907397191,0.9242517992839778,1.0,0.3636380520920461,0.372603420332028,-3.6741693955343067
-1.0,-1.0,-0.8873553073803944,-1.0,-1.0,-1.0,4.436178091228957
-0.5412910951057702,-0.8494863002173072,1.0,-0.35230599347928415,0.04361117599324102,0.5529773487017136,-0.46948904624634
-0.22036656996147252,-0.6127289228526547,0.05535406575730652,-0.06791216355188268,-0.12920113224001084,-1.0,3.5944979008950453
0.4436409870218402,-1.0,0.8282712757289027,0.20979380909514989,-0.49396466743110157,-0.7455141722956923,5.645648113899805
-0.3927975349606869,0.15230684305065983,0.6307299560258305,0.1756652391958199,0.7725825023595153,0.07602881159743458,1.0848912745776478
0.6757195585711144,1.0,1.0,1.0,-0.28522129537412266,-0.7955948143788009,1.6908697146871354
-1.0,-1.0,-0.6491176580103235,-1.0,1.0,1.0,0.0486753034291606
0.6930917009387576,0.8517994585066679,0.8792614169747703,1.0,-0.8547574283899211,0.5988383346917601,1.6853765081759335
0.836715586921724,-0.9784457844575005,0.09563458153863136,0.03215026828022727,0.809328735179662,0.8125528434637241,-1.3782873210787325
0.17234989949880208,0.1422791703557943,-0.5469894708617689,-1.0,-0.5993544576803143,-1.0,1.6796362312701119
-0.4723626955500462,-0.6778658084762931,-0.08461126291260601,-1.0,0.9086015461233432,0.8210408917414085,1.7911140083268071
-0.5423817481716426,-1.0,-0.8866034225555207,-1.0,-0.7434388722014142,-1.0,4.127084850746052
-1.0,-1.0,-1.0,-0.6091443840708839,0.15465417873274945,1.0,0.7097173239017867
0.8645488000139456,1.0,0.4248832260351746,0.5438058325415754,-0.3800543710829541,-0.2789310166601179,1.6631130972505248
0.5357887617598597,0.17109440144110682,-1.0,0.15445727839006973,-0.4606546979035877,-0.361023622858724,-0.5733614163084825
-0.35266140831252324,1.0,-1.0,-0.005586900731404443,-1.0,-0.27328225304632214,0.4220382234271125
-1.0,-0.5935372168013147,-0.22174719208947533,0.29095616573782757,0.04223761065305198,0.48844759385294334,-0.40928438155395697
0.6583801867486105,0.21947947139542356,0.6329419635716371,0.35051667451761903,1.0,0.19449891040749784,-2.7793862733370145
-1.0,-0.3249650342561966,-0.39605554591166986,-0.8394203538548689,-1.0,0.26648547957351726,-1.1396567833818176
0.2605352524882232,0.4852365924079647,0.815796597025858,1.0,0.6789010285382836,0.9027548709087518,-1.9081983981653732
-1.0,-0.5908168229750248,-0.0837701754334077,0.19362631630526114,1.0,1.0,6.596124875003713
0.6011927488873992,-0.36364757246911383,1.0,-0.40552583485469423,-0.6104278213333556,-0.040445057665902395,0.9900127626196725
0.5915443459742187,-0.9863542969146707,-1.0,-1.0,-0.16655763997925976,-0.40277187107778256,-0.04319312583299856
0.16974105537265682,-0.48300451997633265,1.0,1.0,-1.0,-1.0,0.935576551279214
1.0,1.0,0.5189862328335528,0.5426320277402249,0.3797717616459808,-0.7724117948388162,1.1989211961901796
-0.4228994341340113,-1.0,-0.5201793659363172,-0.11803308596843509,0.6716319478582726,0.3586975493830481,-1.3324148508998073
0.23254660879292965,1.0,0.20581343163184598,0.9464023110997432,-0.085703966151921,-0.523040759686157,1.9609029814232593
-0.8732401942584418,-0.12231184851401056,-0.045123797388236214,1.0,0.7883363118642254,-0.35324248452396323,1.921746002302971
-1.0,-0.484213937019224,0.14279095152737398,-0.016699022174867115,1.0,1.0,4.468356700489978
-1.0,-0.7246064670612645,-0.40341842446953285,-1.0,-0.2583128830625411,0.38471424232666845,-2.445293871614126
0.257518345155461,0.12525548746056003,0.3603774516352143,0.6709377180777261,-1.0,-1.0,3.29004599068373
-0.597130912864735,0.5261693221284941,0.38193017117939504,-0.5003582151874661,-0.10254144076092825,1.0,2.2122007698581605
0.11762631007546322,-1.0,0.25044406941010333,-0.6358545908943829,0.634329869759549,1.0,0.09177504762111496
-0.5932563786580929,-0.39197336962883067,0.2967575904716048,-1.0,-0.044724943226601255,-0.6429325075837811,1.7257973034040013
-0.8342402903904951,0.6455892553414897,-0.9953532520789363,-0.7536426294191148,0.29315587779490804,0.5074154432717808,3.7000241077119336
0.7479205979793481,-0.09171623928729555,0.7703517311193249,-0.6524922170608769,-1.0,-1.0,6.649776594992819
0.1851065023877272,1.0,0.3615027027915181,0.4583330264537513,0.3663608806682908,0.4537614254539686,-0.8144624450331746
0.5712962504446266,1.0,0.7363446294567855,-0.3190138150274774,0.4663949700877827,-1.0,-0.09495455451008883
0.19910252940001974,0.2847778704680201,0.01091181708259811,-0.3539251254484612,-0.2720039669972536,0.04875461766219169,-0.7989510864540941
-0.6743940720652057,-0.6738992654403333,0.686642485448462,-1.0,0.03940944412148484,-0.6405075832634968,1.0876249494273484
-0.21128410691862448,-0.22519781008037792,1.0,0.5951908854719418,-1.0,-0.898219761375818,0.08624297483819077
0.4516288241728651,1.0,-0.04807382390642789,-0.09308346242441867,0.49576047687678937,-0.9140666245177929,-0.3943401333216279
-0.6048045587390094,-0.45184293813462634,-0.9574397225012824,-1.0,-1.0,-1.0,2.4837341428116364
0.7607581304163551,1.0,1.0,0.3373557745537219,1.0,-0.2552497465951412,-4.983246940717631
0.43635732904492824,-0.7854978991073855,0.7339104923288259,0.7752621610468203,0.22867565848190452,-0.3331200652713764,0.600605544986373
0.0674306501942315,0.8839086559086993,0.2948665076968006,-0.04294315184427744,-1.0,-0.36632317235576317,-0.33021474734463885
-0.9011072911220138,0.53206946504554,0.21869321846196751,-0.015143055968972974,-1.0,-1.0,-2.104238729905907
0.329993962785478,0.477269579923665,1.0,0.02275409631106129,-0.5317946635211386,-0.018997291517933723,0.4011296203608242
0.35896680236004325,-0.29956690902530136,-1.0,0.009389259512617792,-0.3268634490295762,0.6526974156029239,2.608449051113228
-0.38791740564313226,-1.0,-0.1446973926529379,-1.0,-0.517696911051517,0.4980358679992875,-0.22364911229833237
1.0,0.28241685024991436,0.7833894357231943,0.8078265203365808,-1.0,-0.7791325918497063,6.907509112492494
-1.0,-1.0,-1.0,-0.0800761907435847,0.5007758593470302,0.49664510745624924,-3.146536346587421
0.2020166176136326,0.7341693000129628,-0.730494007467644,-0.5337474023024235,0.720577375720419,1.0,7.1809122527826466
0.31033790417348495,0.4057663191781228,-1.0,-1.0,-0.8869782763313458,1.0,9.475438606214723
-0.9455087595920337,0.07653143034670504,-0.6167546814052474,-1.0,0.20601893071576166,-0.02017832421917276,0.19027597772199686
0.23580213390196125,0.866185293984686,-0.05238244613036826,0.12208837778068837,-0.6536750827255577,-0.44133859870921666,0.8181082940033907
-1.0,-0.2866870227790206,-0.4706387952091762,-0.29517453370495805,0.5458532473089848,-0.30624457572714037,1.8879580019516156
-0.6926500555150321,-1.0,-0.8130107858872303,-0.1689714685894968,0.7831997935715089,-0.1449275353694076,-1.7626359312762612
-0.47123765023582126,0.2061025772187398,0.39179422550082044,0.5008444936165573,-0.39459118251155256,-0.3464327264052215,0.12853187123401413
0.5427834362909338,-0.9699487689528792,-0.39552118918360407,1.0,1.0,1.0,2.4293619003177698
1.0,1.0,1.0,1.0,-1.0,-1.0,9.95120612585249
0.18524134692446714,1.0,1.0,-0.33157942079142866,-0.04028890434214705,0.45188173980063207,-2.2377889695717235
-0.5705616282422378,0.22002789481728247,0.057188616797293146,-1.0,-1.0,-1.0,-0.31607233374291493
-0.9810018541424375,-0.2777844078402256,0.008843109041506536,-1.0,-0.5698893285383917,-0.1282143542849083,-0.45222155589272317
0.8294196417022854,1.0,0.374582315614292,1.0,0.5667104448957156,0.7794615090802177,-1.969332570109923
1.0,-0.3704638558717339,0.7386508644684555,0.9493272868315263,1.0,0.30280972169876474,-4.618898715135942
-0.7437851315353883,-1.0,0.026711857474569556,-0.47241690449714335,-1.0,-0.0011490055060348059,-0.06227301461444623
-0.6186227222063292,-1.0,0.013886964002089441,-0.7767277178943934,-0.7966777058396838,0.08664612437523542,-0.050011035875373255
0.8791628943146332,1.0,0.030903147262082875,1.0,-0.5131271016613206,0.4346240961766392,2.6465397976043166
0.16882391103942862,-0.270706612568437,-0.6025544717785075,-0.4712760724797733,-0.10886156424758535,0.7509028087134364,1.8444342435984635
0.3581427955871749,-1.0,-1.0,-0.43313039945693205,1.0,1.0,-0.34811861674079847
0.5197014282430141,1.0,1.0,0.14149762176306507,-1.0,0.538889304869296,-1.4227030179020859
0.21848994444484415,1.0,1.0,-0.8918698614735325,-0.22954850669172355,0.3314688686293347,-2.2239825417789847
-0.7103426731259659,-1.0,-0.009609315908888805,-1.0,0.853974050423768,0.1773191631831748,1.6437710378366739
0.6061759934331016,0.18745312056316,1.0,-0.4098612195938802,-1.0,0.41064722882290217,0.917412226055102
-0.8547408794753186,-1.0,-1.0,-1.0,0.0239279598415061,-0.33367621434968336,-4.731644179535105
1.0,0.7762003638645099,0.35282599008861554,0.1386078379262058,-0.6568820952629271,0.01414986006381369,1.821395721344896
0.2762993593955149,0.14269308694949534,-0.07817582667305978,-0.6541176733786218,0.8287723783150931,-0.32360819166232857,-0.499851693254313
0.5672939382949872,1.0,1.0,-0.5159280983761518,-0.8316146072725258,-1.0,-1.182605234409673
-0.9997732432438853,-0.7805620575077385,-1.0,-1.0,-0.04405582861444729,-0.020987378446315763,-5.232877910591286
-0.4646243573670532,-1.0,-1.0,0.9002329887288583,-0.30194491847237664,-0.3034486056568134,-5.485501198393758
-0.47410240339058657,0.4545038143044762,1.0,0.035869242894861375,-0.8008278296362304,-0.41445449895357445,-1.6410245512905957
0.40164690140647175,-0.23635791413659613,-0.9945047238266916,-0.0497127346251891,0.15356257492893688,1.0,5.1759125639526715
-1.0,-0.5556867147456837,-0.8663870317672776,-1.0,0.4328853132607542,0.31866150935754667,-1.882756253108191
0.040080135345553186,-0.5267075170367853,-0.16904066184823419,0.19937922548736275,-1.0,-1.0,2.4328582639721485
-1.0,-0.20265026837878564,1.0,-0.7742773083523428,-1.0,-0.6602586723498856,-1.23213847706893
0.050924948736068565,-1.0,-0.3034199000472217,-0.3788161467183756,-0.9632359453086408,-0.9200083980682021,3.9488826777950337
-0.05993518846293444,-1.0,-1.0,-1.0,-0.12799643978136854,0.35532591955407655,-3.9273223744352346
0.22347128037349068,0.33802356042548887,0.8089057166052496,1.0,0.3098850718238549,0.9612593248210963,-1.3236650614878316
1.0,0.7646184747910223,0.5803352925880039,1.0,-0.46920289607048477,-1.0,7.344218764394397
0.17882138016825003,0.066090492653929,0.2471122630709338,0.2481290030881219,1.0,-1.0,0.7080120913217202
0.59136539990173,-0.2972320829961354,-1.0,-0.7052202187414887,1.0,0.5258751818136671,-2.010195246940889
0.5739354759332779,-0.06266278208121978,1.0,0.6964372906722529,1.0,0.7964730728717093,-4.297936831397869
1.0,1.0,1.0,0.6641659489746936,-0.1074209879558848,0.3093535126757081,-2.770114717097495
-0.0678505368498431,1.0,0.49851092838257144,-1.0,1.0,-0.9654931115564545,0.1828854502809657
-1.0,-0.14582547653197708,-1.0,-1.0,-0.08695609149448247,-1.0,4.615585409001854
-0.033026099798826314,-0.9162898122372134,-0.5225813454671818,-0.8314895070024825,-0.9164839223645801,-0.3095439170907046,2.8242795376379624
0.2273565214827491,0.6412643099121851,0.2220644588934626,0.5987615624590661,0.07542959534931382,-0.04513265213313289,-0.36288361406710756
-0.8638468255721603,0.5119058236331594,-0.5232618848236096,0.3153885686208089,-1.0,-0.9235565420927081,-1.0329283029962895
-0.7207612711347557,-0.7718359358410842,-1.0,-0.6130599049039196,-0.9120954916621542,-1.0,2.5453981968488217
-0.20978911710629422,-1.0,-0.2035142712308875,-1.0,1.0,0.07622468666541359,0.04108254095065761
-0.44407657877748263,0.04608489878741995,0.7521242491285074,-0.48053526669621677,-0.3870717478624941,-1.0,0.9209982843811936
-0.973752299885747,-1.0,-0.10582430002763493,-1.0,0.8691772363471877,1.0,0.38793737594554645
-0.6127150260273686,-0.6325694789850851,1.0,-0.40492204437566737,0.11306850679033964,1.0,-2.0299828929898283
-0.3136216597258763,-0.03207225859645524,-0.5540453095705868,-1.0,-0.05844192174052354,-0.9240852804541808,1.3658002187728786
-0.030362905257359518,-0.811706037803348,-0.5112500932513409,-0.00487408556175728,-0.5466059306760812,-0.7100552383942665,0.3880933775730396
-0.44057982696295994,-0.7024678012896816,-1.0,0.16612928627627938,1.0,0.8620277792419604,4.989559964556097
-0.017113620113951122,0.3412640221069462,0.642299861123685,0.20448293652666605,0.7692594882664326,-0.6034842433640122,0.7997871232171019
-1.0,-1.0,-1.0,0.7624764467321122,-1.0,-1.0,-3.40658263787441
0.9726018305857912,0.9909602226520121,0.9873549421383385,0.28718277095676736,0.5277262862907166,0.40057747452155823,-4.063848689243327
-1.0,-0.741803978067943,-0.9452396514276947,-0.9014526871059299,0.022751884613339907,-1.0,3.4814120189928666
0.12224745936885939,1.0,1.0,-0.6002406424606962,-0.48530014711413655,0.7086229620275022,-1.7385339257258343
0.32922969116978984,0.11379176742076502,0.24141536305658196,1.0,-1.0,-0.4564928587651499,1.4841082660754688
-0.8660758421083155,0.758229219392022,-0.7980465587755061,0.42308921286148066,1.0,-1.0,5.4936500241158415
0.94724634838263,-1.0,-0.6992635275844672,0.765938224135982,0.04329658427422456,-0.7965109283395435,-0.03328151481584338
0.05830793071961371,-0.2923262069716643,0.4083477939523838,1.0,-1.0,-1.0,3.343107109588956
-1.0,-0.33420127552244905,0.26722541948160095,0.5561951789716331,-0.10924982899761271,-1.0,2.7787468767403447
-0.939100315186864,0.2790392003551274,1.0,-0.506596470568251,0.23425557979918943,-1.0,2.466651668958045
-1.0,-1.0,-0.34334943040604315,-1.0,-0.710238289622771,-0.9420952228339625,4.213310573217671
1.0,0.9312150306365761,0.09577747731961583,1.0,1.0,1.0,-0.6174996088183816
-1.0,-1.0,-1.0,0.031813310708588616,0.26366809816179515,-0.8646429290620763,1.669996049240879
1.0,0.7651793253064512,0.8541071555048786,0.01522218354340174,1.0,0.5521785605579845,-3.899384901443955
-0.09371211250702183,-0.8228647209676005,-1.0,0.2292715172179013,-1.0,-1.0,0.7841778346587844
-0.5356480110114086,1.0,-0.13130561902138504,0.30125733332539983,1.0,1.0,6.951621342441573
-1.0,-1.0,-0.1602059244858718,-1.0,-0.41412689241974354,-0.07181254338618104,-0.8434597497748504
0.3833792779710079,1.0,0.12992879427011128,1.0,-1.0,-0.3621558789019087,4.3069404636449455
-0.7011601190247415,-1.0,-0.24834983029203506,-0.03845529157992722,1.0,0.5002223165200407,1.286621456225767
0.20514965920211617,1.0,0.4168397351920108,1.0,0.2464898341163353,0.2017316474920563,-1.3725370800933159
0.19343322297355425,0.11196489356585612,0.2878640463147706,0.5739575462274585,-1.0,0.08908432354704232,0.3677430194016515
-0.20134326456652749,0.7385551449262915,0.5935314220809045,0.3244531483741234,-0.7119322167157502,0.995456760417573,0.5226611892086159
-0.5078157445152556,-0.867507572689191,-0.8645113831097464,0.02917036785921029,1.0,0.8133983792401551,2.5718763782928518
-0.2721984524593086,0.6768884765506166,-0.6048525385493326,-1.0,1.0,1.0,11.341610264735182
-0.2809210445497177,-0.5294805274460392,-0.04102633844932113,0.27481857438893353,-0.25410561002211374,0.5514187784082486,-0.23018105023751523
-0.1654197336146258,-1.0,-1.0,0.5125122528066743,-1.0,-1.0,-0.6626408837775197
-0.9154634620995487,-0.2482464431176612,-0.1601993815329387,-1.0,0.6278827611216451,0.3245311698026836,1.6345671664135173
0.41149926592494346,0.9201675424167963,1.0,-0.39959219169671345,0.310992879780437,1.0,-2.3654113671065464
-0.3559378133484757,-0.5229493816122311,0.8853956388220051,-1.0,-0.9293645475945843,0.19248928963351863,0.41495205374640265
-1.0,-1.0,-1.0,-0.4606532597706663,-0.018339623035015906,-0.34116895348874854,-3.3602861344565906
0.8893957857928603,-0.45922089605223404,-0.3013676338077912,0.40315309939736776,0.28640704343027445,0.5940534469802994,-0.4660441640978068
-0.8225515853171339,0.29881384685276813,-0.18205246079192938,0.5429318391120582,1.0,1.0,6.655902795042731
-0.5407022798980251,-1.0,-1.0,-0.6583098444734272,1.0,0.602073480893397,-2.5524012388744923
0.07795977608013127,-0.059849911567971925,0.24354038999461225,0.32003549130029596,-1.0,-1.0,3.2028155479031026
-0.3878289371357826,-1.0,0.5474442488759527,-0.8514148207111701,0.43580035865559263,-0.39830047241139693,2.238935811927382
0.4695193771252818,1.0,1.0,1.0,-0.4595427782999156,-0.6292137237398865,0.8799512534110433
0.07032433516005032,0.8324926432048736,-0.3266675498882996,0.3240017856584487,0.7571349177147704,0.8277183760751612,3.601233593723758
0.01773335690265565,0.3201391400162117,0.8088182801868765,1.0,0.8346747272968561,0.8742945049766219,0.29711862318649096
-0.12253430549015451,-0.7575956185655165,0.4575649562543149,0.11154960531866531,-1.0,-1.0,2.003945994299499
0.8387056391531089,-0.542389642344534,-0.9870541765432532,-1.0,0.3506342058419293,1.0,0.17432835418481768
-0.6095066409184067,-1.0,0.2859791674493053,-1.0,1.0,1.0,1.6626768264061014
0.8917282907590032,1.0,1.0,0.7964637740826153,0.3419123133476758,0.23045011298310378,-5.106703332197265
-0.08787344786833307,0.23773558615964496,0.5301245058961745,1.0,0.3259410759751785,1.0,1.6242893558237324
0.5226713802984689,-0.34137796352590766,0.6426571375723618,-1.0,1.0,0.6721733020291782,-1.1124022449317619
-1.0,0.09633971284515508,0.17750601487225925,-0.2965910245165022,-0.345861882446473,0.12424757305570744,-1.3528946678949976
0.8530368840693756,1.0,0.11411232999235754,0.7815366178493071,-0.9737809327889718,-0.008859919269653016,4.294466905834986
-0.9887919876835596,-1.0,-1.0,-1.0,-0.47577142741108425,0.304767194516987,-5.9904606203406825
-0.8884511341014307,-1.0,0.28346769632699587,-0.4164675126837889,-0.1568506400841037,0.8218828747824338,-1.8750726729288483
-0.5988418125583049,0.22187622981433652,-0.7959086536929847,0.6983992522494563,0.862878809156424,-0.20725021838790808,0.42285649616643234
-0.38481518083789107,1.0,0.65391742258125,0.11357761334619615,1.0,-0.5637549302246063,-0.14858772759006042
1.0,-0.46143996292440614,-0.889549215829505,1.0,0.33247075569955536,0.9787242232142103,1.1392987029879322
-0.9954650768537671,-0.238063561631763,-0.9299494717393626,0.17588839729164119,-0.5220476080706025,0.7848117967999896,1.86333019126795
1.0,1.0,1.0,1.0,0.46856382086028936,-0.6003323499731913,-3.3654050630113588
-0.6116553175827755,-1.0,-0.9424854465006063,-0.3431958466673745,0.8520292703408381,1.0,3.0348342809376114
-1.0,-1.0,-1.0,-0.12587041331228854,-1.0,-1.0,0.7665844849616591
1.0,-0.7465282346104031,-1.0,0.009307225381719152,0.060043212065516716,0.8727956894391367,1.6625268131458886
0.6963072758765663,0.698608497005003,-1.0,-0.12943956540268164,0.21218861802463407,-0.4087906312602445,-0.6405264991690833
-1.0,-0.034962553992617884,0.32022063320737526,-0.7842108266439834,1.0,0.698141114244314,3.858381597625088
-0.7886895696321901,-0.5189548594566371,-1.0,-0.3563407804568569,-0.6792964444987647,0.14585847942314967,-2.5751452191132436
1.0,0.43383224385232144,0.05180122248262303,0.5730498606533931,0.1081437524571498,0.8007095301612688,0.5434127668184807
0.5950886923159893,0.05143759721488028,0.9523335101528652,0.4923882807941593,0.001695090100697301,1.0,-2.1216699818325018
0.37038238488665287,-1.0,0.02443462105886829,1.0,1.0,1.0,3.842072791656257
-1.0,-1.0,-0.4329045608629276,-1.0,1.0,1.0,1.1233291160625711
-0.24746754895370815,-0.3149912982069627,-1.0,-1.0,1.0,-0.6436404804207494,0.9368091987204555
-0.298907418518939,-1.0,-1.0,-0.23990730214570444,-1.0,0.6589074840122034,-0.6183884792786218
0.38543755446254674,1.0,0.3091005394313677,-0.21387857041505987,-1.0,0.07896317423411447,1.1432471717371175
-0.3500391187943992,0.5058031429660482,-1.0,-1.0,-0.3841716364957779,-0.08608033322644565,-1.0516368117070853
-0.08011731737711131,-1.0,1.0,-1.0,0.8653207845462096,1.0,-4.161045307786255
1.0,0.7719506794638026,-0.2248880131536357,0.8214461347837249,-0.2270562207653479,-0.5334568878669638,2.6807042627409348
1.0,-0.4909044380373973,0.9467657008330953,0.1705200894596971,0.4395767362539942,0.7829788901404036,-3.7616948740915093
0.2301511613733387,0.10595124129528188,-0.256956200212381,0.004388101061167937,-0.05762521273045951,-0.6756345558926408,1.2859400299821564
-0.6219614000438038,1.0,0.005971598834785777,1.0,1.0,-1.0,0.5571988955185141
0.6559603472309244,0.16229116395997115,-1.0,-1.0,1.0,1.0,2.889101910854652
0.728804633108245,0.6528312361823115,-0.20494581670250114,0.6790761095730811,1.0,0.2621041682991361,-0.9310285939764036
0.6592008236703242,-0.11484676816948197,1.0,0.846801237770259,-0.6950984393009871,-0.8005704468658968,3.769452482664649
-1.0,-0.3068322717893059,-0.5287054927577447,1.0,-1.0,0.13998948128745192,-2.545402684522095
1.0,-0.1951028751779298,0.8350892938016293,1.0,0.7355415005978125,1.0,-3.324454841481999
-0.31694817893369487,-0.5136028831014412,1.0,0.503436542413798,1.0,0.9936356443541783,-0.23633089301911836
1.0,0.0746373341713058,0.9724810576411096,0.8919467405441692,-0.7184836610463807,-0.15632208022742622,2.663111003376112
0.12528880925004882,-0.05289251709833051,-0.834268340723848,-0.6404434659002328,0.17727074051949043,0.12311909953449751,0.30233612444933644
-1.0,-0.10236419969384913,0.20924509375839706,-1.0,1.0,-0.7112963740072153,6.203176682829444
1.0,1.0,1.0,0.9876061803047727,1.0,0.13724190951664517,-8.235150189050813
0.34111583418423225,0.5944315983224667,-0.5666838883842862,-0.5768144292096837,0.2554978772307833,-0.4433817548327952,-0.7729158825522555
-1.0,0.1758893700179059,-0.07537626324819494,-0.22416325910861562,-1.0,1.0,-1.202279857479067
-0.17215625972426524,1.0,-0.04820491774236324,0.1937549649390149,-0.7325196131218259,-0.44143064434663626,0.48887448044756354
0.8310734364388657,1.0,0.8983468480918085,0.4414304826502491,0.7129559980635323,0.3139751692894234,-4.82520444663805
-0.737558108634903,-1.0,-0.5016973674893143,-0.807565655418969,0.25782181271762805,0.5430380142465462,-2.5961880611944164
0.004421698415634473,-1.0,0.7932848616603957,0.4485059397092109,-0.3758971204356479,-0.12289271808058333,2.010315349560115
1.0,0.5319421900699443,0.749115340312622,-0.6210540734032898,1.0,-1.0,-1.408742568884389
-0.5084736976239701,-1.0,-1.0,-0.8513499135125807,-1.0,-0.06490142629504969,-1.726390761250389
-0.21595152223423564,0.6327646203253392,-0.5753893566045161,1.0,1.0,0.8483831913400499,4.650646176759024
0.643791851939568,1.0,0.8916801939320445,-0.31870456068071523,-0.2189195781457287,-0.24467843506429254,-1.4683818981936323
-0.8381123624089744,-1.0,-1.0,-0.5090756052292253,0.020670266895842837,0.22238298915825827,-4.722614796536926
-1.0,-1.0,-1.0,-1.0,-0.1504861045662419,0.09928584187060485,-7.888747555470569
-0.11416388588232368,-1.0,0.02051060147559658,0.6867892451023229,-0.134417291765207,-0.1097682554189524,1.0413379822754123
0.7580859883482371,1.0,0.6280944906640081,1.0,0.07611674062106921,0.98480689427537,-1.8251523074381362
0.543618437106922,0.7115070171722221,-0.31076298941529007,0.1957884344690909,-0.6870571744824162,-1.0,3.0630850129872225
-1.0,-0.7520697510318015,-0.4059248102043198,-1.0,1.0,-1.0,8.490968230321602
0.13138709877069266,0.4498696849371291,0.31283495702872544,0.8486544440262715,-1.0,-0.48509517696772797,1.714764425303904
0.5741060140877626,-0.4633604333817791,-1.0,-0.551070735238795,-0.259777562668711,-0.8262659633158713,1.6465068360171744
-0.5146708688607822,-0.9723987132933763,0.03702903180116779,-0.5624912926126633,0.9658615305647233,0.4699002489880606,0.37897168803571235
0.3876425195484807,-0.8041694914100013,-0.20757254292887195,-0.24760132885322306,-0.6555547901161523,-0.9569944805964694,4.734356848272829
1.0,-0.20397582604262487,0.6964327018509086,0.6276926740313743,0.3096376096424927,0.8066972807016141,-1.2358573471036771
-1.0,-0.9936062279796853,-1.0,-0.04474494550006303,0.9908250345138778,-0.7943472576930615,0.18248611159002198
-1.0,-1.0,-0.16877560404515402,-0.22738953959796615,1.0,0.0006874560803191709,2.099552716874614
-0.8221569654373334,-0.9160734586427949,-1.0,-1.0,-0.445099309086063,-0.6070517789539149,-1.7145857913043314
-0.25267157695180975,-1.0,-0.8235712288340897,-1.0,0.272668633722245,-0.3713117139708289,-1.9341487602938279
1.0,0.6440822691722212,0.6613492547070825,1.0,-0.6238841471271325,-0.7849150776085771,5.734369147679937
-0.05054671855167592,-1.0,-1.0,-0.747400547977259,1.0,0.5394797891808213,-4.399511292342854
1.0,0.08039681016382016,0.3256097364280648,1.0,1.0,1.0,-0.6606529186126151
-0.4744057353675193,0.6894158560551367,-1.0,-0.6891122704000725,-1.0,-0.6484899172556768,-2.087961867777238
0.11273441031842624,0.5068650197160024,0.3021307522418759,0.19724413214502112,0.6711996452563054,0.015420912796621389,-0.2630902465606825
-0.252337385359492,-0.41453598201906294,-1.0,-0.8716858836852108,-0.7254702782199576,1.0,7.304574936126084
-0.5439560223246849,-0.43026986409828094,-0.46935442632947333,-1.0,-1.0,-1.0,3.230331654624733
-0.27716053880328123,1.0,-1.0,0.14606471989467473,1.0,1.0,13.248394935042077
-0.3863321374049409,0.5972842048559999,1.0,0.5722550787512721,-1.0,-1.0,-0.8480876601407326
0.2905801157983927,1.0,-0.4233752590500664,0.2084890181739405,1.0,-0.7726341372383272,-0.6785614665665763
-0.9575168059558936,0.5359119340570084,1.0,0.3043000493301,0.5033618582695198,0.6441184145796447,-2.5518671668897692
-0.9850024947513137,-0.7371963575770462,-1.0,-1.0,0.6364071140936817,0.9557835362903414,1.3760082239809854
0.5398185539148894,0.8758916503765934,1.0,0.10838938271676701,1.0,1.0,-2.438211178608236
1.0,0.3125378215807839,1.0,1.0,-0.5898486713122928,-0.6018931916030524,5.002692502399999
0.3396488341283336,0.15753387311436928,-0.00019851365653672515,-0.0038929978264597986,0.02086923416930825,0.36149099365375315,-0.10715257901397246
0.4281303152581627,1.0,1.0,0.1617899580479215,-0.27689986710183523,0.9850854905034631,-3.1360931879603062
-1.0,-0.7867381463390666,0.4655458927864905,-1.0,-0.5078354843366863,-1.0,4.358701002429361
1.0,1.0,-0.11431496018439613,0.265657485338614,-0.6912277401188209,-0.9817760668058182,6.141826146379845
